date,target_group,location,population,value
2022-02-05,Delaware,10,1051917,0
2022-02-05,Florida,12,23372215,56
2022-02-05,Georgia,13,11180878,53
2022-02-05,Maryland,24,6263220,8
2022-02-05,North Carolina,37,11046024,48
2022-02-12,Delaware,10,1051917,0
2022-02-12,Florida,12,23372215,47
2022-02-12,Georgia,13,11180878,41
2022-02-12,Maryland,24,6263220,6
2022-02-12,North Carolina,37,11046024,27
2022-02-19,Delaware,10,1051917,0
2022-02-19,Florida,12,23372215,47
2022-02-19,Georgia,13,11180878,48
2022-02-19,Maryland,24,6263220,13
2022-02-19,North Carolina,37,11046024,34
2022-02-26,Delaware,10,1051917,0
2022-02-26,Florida,12,23372215,55
2022-02-26,Georgia,13,11180878,44
2022-02-26,Maryland,24,6263220,15
2022-02-26,North Carolina,37,11046024,34
2022-03-05,Delaware,10,1051917,1
2022-03-05,Florida,12,23372215,59
2022-03-05,Georgia,13,11180878,27
2022-03-05,Maryland,24,6263220,23
2022-03-05,North Carolina,37,11046024,45
2022-03-12,Delaware,10,1051917,7
2022-03-12,Florida,12,23372215,47
2022-03-12,Georgia,13,11180878,38
2022-03-12,Maryland,24,6263220,16
2022-03-12,North Carolina,37,11046024,56
2022-03-19,Delaware,10,1051917,4
2022-03-19,Florida,12,23372215,58
2022-03-19,Georgia,13,11180878,35
2022-03-19,Maryland,24,6263220,19
2022-03-19,North Carolina,37,11046024,14
2022-03-26,Delaware,10,1051917,4
2022-03-26,Florida,12,23372215,84
2022-03-26,Georgia,13,11180878,33
2022-03-26,Maryland,24,6263220,30
2022-03-26,North Carolina,37,11046024,25
2022-04-02,Delaware,10,1051917,3
2022-04-02,Florida,12,23372215,78
2022-04-02,Georgia,13,11180878,45
2022-04-02,Maryland,24,6263220,29
2022-04-02,North Carolina,37,11046024,28
2022-04-09,Delaware,10,1051917,7
2022-04-09,Florida,12,23372215,83
2022-04-09,Georgia,13,11180878,33
2022-04-09,Maryland,24,6263220,47
2022-04-09,North Carolina,37,11046024,40
2022-04-16,Delaware,10,1051917,38
2022-04-16,Florida,12,23372215,147
2022-04-16,Georgia,13,11180878,42
2022-04-16,Maryland,24,6263220,51
2022-04-16,North Carolina,37,11046024,58
2022-04-23,Delaware,10,1051917,17
2022-04-23,Florida,12,23372215,140
2022-04-23,Georgia,13,11180878,46
2022-04-23,Maryland,24,6263220,43
2022-04-23,North Carolina,37,11046024,46
2022-04-30,Delaware,10,1051917,7
2022-04-30,Florida,12,23372215,164
2022-04-30,Georgia,13,11180878,36
2022-04-30,Maryland,24,6263220,51
2022-04-30,North Carolina,37,11046024,63
2022-05-07,Delaware,10,1051917,4
2022-05-07,Florida,12,23372215,213
2022-05-07,Georgia,13,11180878,44
2022-05-07,Maryland,24,6263220,46
2022-05-07,North Carolina,37,11046024,55
2022-05-14,Delaware,10,1051917,3
2022-05-14,Florida,12,23372215,278
2022-05-14,Georgia,13,11180878,60
2022-05-14,Maryland,24,6263220,54
2022-05-14,North Carolina,37,11046024,37
2022-05-21,Delaware,10,1051917,4
2022-05-21,Florida,12,23372215,371
2022-05-21,Georgia,13,11180878,55
2022-05-21,Maryland,24,6263220,45
2022-05-21,North Carolina,37,11046024,48
2022-05-28,Delaware,10,1051917,3
2022-05-28,Florida,12,23372215,516
2022-05-28,Georgia,13,11180878,62
2022-05-28,Maryland,24,6263220,29
2022-05-28,North Carolina,37,11046024,41
2022-06-04,Delaware,10,1051917,9
2022-06-04,Florida,12,23372215,663
2022-06-04,Georgia,13,11180878,66
2022-06-04,Maryland,24,6263220,17
2022-06-04,North Carolina,37,11046024,22
2022-06-11,Delaware,10,1051917,6
2022-06-11,Florida,12,23372215,551
2022-06-11,Georgia,13,11180878,48
2022-06-11,Maryland,24,6263220,17
2022-06-11,North Carolina,37,11046024,47
2022-06-18,Delaware,10,1051917,1
2022-06-18,Florida,12,23372215,460
2022-06-18,Georgia,13,11180878,41
2022-06-18,Maryland,24,6263220,21
2022-06-18,North Carolina,37,11046024,59
2022-06-25,Delaware,10,1051917,2
2022-06-25,Florida,12,23372215,302
2022-06-25,Georgia,13,11180878,27
2022-06-25,Maryland,24,6263220,20
2022-06-25,North Carolina,37,11046024,58
2022-07-02,Delaware,10,1051917,0
2022-07-02,Florida,12,23372215,208
2022-07-02,Georgia,13,11180878,35
2022-07-02,Maryland,24,6263220,13
2022-07-02,North Carolina,37,11046024,41
2022-07-09,Delaware,10,1051917,0
2022-07-09,Florida,12,23372215,161
2022-07-09,Georgia,13,11180878,28
2022-07-09,Maryland,24,6263220,12
2022-07-09,North Carolina,37,11046024,16
2022-07-16,Delaware,10,1051917,1
2022-07-16,Florida,12,23372215,124
2022-07-16,Georgia,13,11180878,27
2022-07-16,Maryland,24,6263220,7
2022-07-16,North Carolina,37,11046024,41
2022-07-23,Delaware,10,1051917,0
2022-07-23,Florida,12,23372215,89
2022-07-23,Georgia,13,11180878,28
2022-07-23,Maryland,24,6263220,3
2022-07-23,North Carolina,37,11046024,41
2022-07-30,Delaware,10,1051917,0
2022-07-30,Florida,12,23372215,74
2022-07-30,Georgia,13,11180878,39
2022-07-30,Maryland,24,6263220,3
2022-07-30,North Carolina,37,11046024,12
2022-08-06,Delaware,10,1051917,0
2022-08-06,Florida,12,23372215,69
2022-08-06,Georgia,13,11180878,33
2022-08-06,Maryland,24,6263220,2
2022-08-06,North Carolina,37,11046024,1
2022-08-13,Delaware,10,1051917,0
2022-08-13,Florida,12,23372215,74
2022-08-13,Georgia,13,11180878,19
2022-08-13,Maryland,24,6263220,5
2022-08-13,North Carolina,37,11046024,9
2022-08-20,Delaware,10,1051917,0
2022-08-20,Florida,12,23372215,60
2022-08-20,Georgia,13,11180878,13
2022-08-20,Maryland,24,6263220,6
2022-08-20,North Carolina,37,11046024,12
2022-08-27,Delaware,10,1051917,0
2022-08-27,Florida,12,23372215,65
2022-08-27,Georgia,13,11180878,26
2022-08-27,Maryland,24,6263220,4
2022-08-27,North Carolina,37,11046024,12
2022-09-03,Delaware,10,1051917,1
2022-09-03,Florida,12,23372215,53
2022-09-03,Georgia,13,11180878,20
2022-09-03,Maryland,24,6263220,0
2022-09-03,North Carolina,37,11046024,6
2022-09-10,Delaware,10,1051917,0
2022-09-10,Florida,12,23372215,50
2022-09-10,Georgia,13,11180878,43
2022-09-10,Maryland,24,6263220,3
2022-09-10,North Carolina,37,11046024,14
2022-09-17,Delaware,10,1051917,2
2022-09-17,Florida,12,23372215,79
2022-09-17,Georgia,13,11180878,46
2022-09-17,Maryland,24,6263220,8
2022-09-17,North Carolina,37,11046024,19
2022-09-24,Delaware,10,1051917,0
2022-09-24,Florida,12,23372215,78
2022-09-24,Georgia,13,11180878,55
2022-09-24,Maryland,24,6263220,3
2022-09-24,North Carolina,37,11046024,11
2022-10-01,Delaware,10,1051917,0
2022-10-01,Florida,12,23372215,78
2022-10-01,Georgia,13,11180878,77
2022-10-01,Maryland,24,6263220,6
2022-10-01,North Carolina,37,11046024,23
2022-10-08,Delaware,10,1051917,0
2022-10-08,Florida,12,23372215,113
2022-10-08,Georgia,13,11180878,109
2022-10-08,Maryland,24,6263220,17
2022-10-08,North Carolina,37,11046024,21
2022-10-15,Delaware,10,1051917,0
2022-10-15,Florida,12,23372215,101
2022-10-15,Georgia,13,11180878,144
2022-10-15,Maryland,24,6263220,27
2022-10-15,North Carolina,37,11046024,38
2022-10-22,Delaware,10,1051917,1
2022-10-22,Florida,12,23372215,124
2022-10-22,Georgia,13,11180878,137
2022-10-22,Maryland,24,6263220,43
2022-10-22,North Carolina,37,11046024,73
2022-10-29,Delaware,10,1051917,4
2022-10-29,Florida,12,23372215,241
2022-10-29,Georgia,13,11180878,216
2022-10-29,Maryland,24,6263220,105
2022-10-29,North Carolina,37,11046024,195
2022-11-05,Delaware,10,1051917,10
2022-11-05,Florida,12,23372215,290
2022-11-05,Georgia,13,11180878,250
2022-11-05,Maryland,24,6263220,156
2022-11-05,North Carolina,37,11046024,301
2022-11-12,Delaware,10,1051917,13
2022-11-12,Florida,12,23372215,452
2022-11-12,Georgia,13,11180878,263
2022-11-12,Maryland,24,6263220,214
2022-11-12,North Carolina,37,11046024,367
2022-11-19,Delaware,10,1051917,53
2022-11-19,Florida,12,23372215,517
2022-11-19,Georgia,13,11180878,236
2022-11-19,Maryland,24,6263220,210
2022-11-19,North Carolina,37,11046024,379
2022-11-26,Delaware,10,1051917,39
2022-11-26,Florida,12,23372215,741
2022-11-26,Georgia,13,11180878,258
2022-11-26,Maryland,24,6263220,308
2022-11-26,North Carolina,37,11046024,449
2022-12-03,Delaware,10,1051917,86
2022-12-03,Florida,12,23372215,919
2022-12-03,Georgia,13,11180878,342
2022-12-03,Maryland,24,6263220,411
2022-12-03,North Carolina,37,11046024,660
2022-12-10,Delaware,10,1051917,30
2022-12-10,Florida,12,23372215,785
2022-12-10,Georgia,13,11180878,209
2022-12-10,Maryland,24,6263220,325
2022-12-10,North Carolina,37,11046024,415
2022-12-17,Delaware,10,1051917,25
2022-12-17,Florida,12,23372215,846
2022-12-17,Georgia,13,11180878,179
2022-12-17,Maryland,24,6263220,261
2022-12-17,North Carolina,37,11046024,332
2022-12-24,Delaware,10,1051917,29
2022-12-24,Florida,12,23372215,1017
2022-12-24,Georgia,13,11180878,158
2022-12-24,Maryland,24,6263220,231
2022-12-24,North Carolina,37,11046024,311
2022-12-31,Delaware,10,1051917,42
2022-12-31,Florida,12,23372215,1238
2022-12-31,Georgia,13,11180878,184
2022-12-31,Maryland,24,6263220,225
2022-12-31,North Carolina,37,11046024,309
2023-01-07,Delaware,10,1051917,45
2023-01-07,Florida,12,23372215,1321
2023-01-07,Georgia,13,11180878,189
2023-01-07,Maryland,24,6263220,157
2023-01-07,North Carolina,37,11046024,230
2023-01-14,Delaware,10,1051917,12
2023-01-14,Florida,12,23372215,700
2023-01-14,Georgia,13,11180878,108
2023-01-14,Maryland,24,6263220,101
2023-01-14,North Carolina,37,11046024,133
2023-01-21,Delaware,10,1051917,6
2023-01-21,Florida,12,23372215,592
2023-01-21,Georgia,13,11180878,80
2023-01-21,Maryland,24,6263220,67
2023-01-21,North Carolina,37,11046024,65
2023-01-28,Delaware,10,1051917,6
2023-01-28,Florida,12,23372215,420
2023-01-28,Georgia,13,11180878,71
2023-01-28,Maryland,24,6263220,39
2023-01-28,North Carolina,37,11046024,47
2023-02-04,Delaware,10,1051917,10
2023-02-04,Florida,12,23372215,353
2023-02-04,Georgia,13,11180878,204
2023-02-04,Maryland,24,6263220,51
2023-02-04,North Carolina,37,11046024,43
2023-02-11,Delaware,10,1051917,1
2023-02-11,Florida,12,23372215,300
2023-02-11,Georgia,13,11180878,83
2023-02-11,Maryland,24,6263220,41
2023-02-11,North Carolina,37,11046024,60
2023-02-18,Delaware,10,1051917,1
2023-02-18,Florida,12,23372215,235
2023-02-18,Georgia,13,11180878,75
2023-02-18,Maryland,24,6263220,26
2023-02-18,North Carolina,37,11046024,48
2023-02-25,Delaware,10,1051917,0
2023-02-25,Florida,12,23372215,213
2023-02-25,Georgia,13,11180878,60
2023-02-25,Maryland,24,6263220,26
2023-02-25,North Carolina,37,11046024,29
2023-03-04,Delaware,10,1051917,5
2023-03-04,Florida,12,23372215,178
2023-03-04,Georgia,13,11180878,54
2023-03-04,Maryland,24,6263220,13
2023-03-04,North Carolina,37,11046024,38
2023-03-11,Delaware,10,1051917,1
2023-03-11,Florida,12,23372215,179
2023-03-11,Georgia,13,11180878,51
2023-03-11,Maryland,24,6263220,16
2023-03-11,North Carolina,37,11046024,27
2023-03-18,Delaware,10,1051917,0
2023-03-18,Florida,12,23372215,211
2023-03-18,Georgia,13,11180878,54
2023-03-18,Maryland,24,6263220,10
2023-03-18,North Carolina,37,11046024,32
2023-03-25,Delaware,10,1051917,2
2023-03-25,Florida,12,23372215,158
2023-03-25,Georgia,13,11180878,62
2023-03-25,Maryland,24,6263220,21
2023-03-25,North Carolina,37,11046024,25
2023-04-01,Delaware,10,1051917,2
2023-04-01,Florida,12,23372215,165
2023-04-01,Georgia,13,11180878,53
2023-04-01,Maryland,24,6263220,9
2023-04-01,North Carolina,37,11046024,12
2023-04-08,Delaware,10,1051917,0
2023-04-08,Florida,12,23372215,184
2023-04-08,Georgia,13,11180878,49
2023-04-08,Maryland,24,6263220,12
2023-04-08,North Carolina,37,11046024,23
2023-04-15,Delaware,10,1051917,0
2023-04-15,Florida,12,23372215,130
2023-04-15,Georgia,13,11180878,29
2023-04-15,Maryland,24,6263220,13
2023-04-15,North Carolina,37,11046024,25
2023-04-22,Delaware,10,1051917,0
2023-04-22,Florida,12,23372215,152
2023-04-22,Georgia,13,11180878,44
2023-04-22,Maryland,24,6263220,10
2023-04-22,North Carolina,37,11046024,13
2023-04-29,Delaware,10,1051917,1
2023-04-29,Florida,12,23372215,136
2023-04-29,Georgia,13,11180878,43
2023-04-29,Maryland,24,6263220,10
2023-04-29,North Carolina,37,11046024,10
2023-05-06,Delaware,10,1051917,0
2023-05-06,Florida,12,23372215,128
2023-05-06,Georgia,13,11180878,33
2023-05-06,Maryland,24,6263220,15
2023-05-06,North Carolina,37,11046024,8
2023-05-13,Delaware,10,1051917,1
2023-05-13,Florida,12,23372215,132
2023-05-13,Georgia,13,11180878,50
2023-05-13,Maryland,24,6263220,11
2023-05-13,North Carolina,37,11046024,18
2023-05-20,Delaware,10,1051917,0
2023-05-20,Florida,12,23372215,140
2023-05-20,Georgia,13,11180878,30
2023-05-20,Maryland,24,6263220,5
2023-05-20,North Carolina,37,11046024,11
2023-05-27,Delaware,10,1051917,0
2023-05-27,Florida,12,23372215,141
2023-05-27,Georgia,13,11180878,37
2023-05-27,Maryland,24,6263220,6
2023-05-27,North Carolina,37,11046024,5
2023-06-03,Delaware,10,1051917,3
2023-06-03,Florida,12,23372215,148
2023-06-03,Georgia,13,11180878,46
2023-06-03,Maryland,24,6263220,8
2023-06-03,North Carolina,37,11046024,14
2023-06-10,Delaware,10,1051917,0
2023-06-10,Florida,12,23372215,166
2023-06-10,Georgia,13,11180878,55
2023-06-10,Maryland,24,6263220,5
2023-06-10,North Carolina,37,11046024,12
2023-06-17,Delaware,10,1051917,0
2023-06-17,Florida,12,23372215,148
2023-06-17,Georgia,13,11180878,41
2023-06-17,Maryland,24,6263220,2
2023-06-17,North Carolina,37,11046024,19
2023-06-24,Delaware,10,1051917,0
2023-06-24,Florida,12,23372215,165
2023-06-24,Georgia,13,11180878,38
2023-06-24,Maryland,24,6263220,8
2023-06-24,North Carolina,37,11046024,19
2023-07-01,Delaware,10,1051917,0
2023-07-01,Florida,12,23372215,158
2023-07-01,Georgia,13,11180878,38
2023-07-01,Maryland,24,6263220,0
2023-07-01,North Carolina,37,11046024,18
2023-07-08,Delaware,10,1051917,0
2023-07-08,Florida,12,23372215,144
2023-07-08,Georgia,13,11180878,23
2023-07-08,Maryland,24,6263220,3
2023-07-08,North Carolina,37,11046024,10
2023-07-15,Delaware,10,1051917,0
2023-07-15,Florida,12,23372215,138
2023-07-15,Georgia,13,11180878,18
2023-07-15,Maryland,24,6263220,5
2023-07-15,North Carolina,37,11046024,13
2023-07-22,Delaware,10,1051917,2
2023-07-22,Florida,12,23372215,109
2023-07-22,Georgia,13,11180878,17
2023-07-22,Maryland,24,6263220,4
2023-07-22,North Carolina,37,11046024,6
2023-07-29,Delaware,10,1051917,0
2023-07-29,Florida,12,23372215,131
2023-07-29,Georgia,13,11180878,16
2023-07-29,Maryland,24,6263220,14
2023-07-29,North Carolina,37,11046024,9
2023-08-05,Delaware,10,1051917,0
2023-08-05,Florida,12,23372215,131
2023-08-05,Georgia,13,11180878,19
2023-08-05,Maryland,24,6263220,7
2023-08-05,North Carolina,37,11046024,8
2023-08-12,Delaware,10,1051917,1
2023-08-12,Florida,12,23372215,133
2023-08-12,Georgia,13,11180878,28
2023-08-12,Maryland,24,6263220,5
2023-08-12,North Carolina,37,11046024,13
2023-08-19,Delaware,10,1051917,0
2023-08-19,Florida,12,23372215,152
2023-08-19,Georgia,13,11180878,19
2023-08-19,Maryland,24,6263220,6
2023-08-19,North Carolina,37,11046024,15
2023-08-26,Delaware,10,1051917,0
2023-08-26,Florida,12,23372215,160
2023-08-26,Georgia,13,11180878,28
2023-08-26,Maryland,24,6263220,3
2023-08-26,North Carolina,37,11046024,8
2023-09-02,Delaware,10,1051917,0
2023-09-02,Florida,12,23372215,171
2023-09-02,Georgia,13,11180878,34
2023-09-02,Maryland,24,6263220,5
2023-09-02,North Carolina,37,11046024,19
2023-09-09,Delaware,10,1051917,0
2023-09-09,Florida,12,23372215,150
2023-09-09,Georgia,13,11180878,21
2023-09-09,Maryland,24,6263220,5
2023-09-09,North Carolina,37,11046024,8
2023-09-16,Delaware,10,1051917,0
2023-09-16,Florida,12,23372215,154
2023-09-16,Georgia,13,11180878,34
2023-09-16,Maryland,24,6263220,2
2023-09-16,North Carolina,37,11046024,11
2023-09-23,Delaware,10,1051917,0
2023-09-23,Florida,12,23372215,171
2023-09-23,Georgia,13,11180878,30
2023-09-23,Maryland,24,6263220,6
2023-09-23,North Carolina,37,11046024,13
2023-09-30,Delaware,10,1051917,0
2023-09-30,Florida,12,23372215,168
2023-09-30,Georgia,13,11180878,29
2023-09-30,Maryland,24,6263220,4
2023-09-30,North Carolina,37,11046024,10
2023-10-07,Delaware,10,1051917,2
2023-10-07,Florida,12,23372215,226
2023-10-07,Georgia,13,11180878,34
2023-10-07,Maryland,24,6263220,3
2023-10-07,North Carolina,37,11046024,37
2023-10-14,Delaware,10,1051917,0
2023-10-14,Florida,12,23372215,213
2023-10-14,Georgia,13,11180878,39
2023-10-14,Maryland,24,6263220,3
2023-10-14,North Carolina,37,11046024,20
2023-10-21,Delaware,10,1051917,1
2023-10-21,Florida,12,23372215,290
2023-10-21,Georgia,13,11180878,31
2023-10-21,Maryland,24,6263220,9
2023-10-21,North Carolina,37,11046024,19
2023-10-28,Delaware,10,1051917,1
2023-10-28,Florida,12,23372215,313
2023-10-28,Georgia,13,11180878,40
2023-10-28,Maryland,24,6263220,10
2023-10-28,North Carolina,37,11046024,21
2023-11-04,Delaware,10,1051917,1
2023-11-04,Florida,12,23372215,443
2023-11-04,Georgia,13,11180878,56
2023-11-04,Maryland,24,6263220,15
2023-11-04,North Carolina,37,11046024,46
2023-11-11,Delaware,10,1051917,1
2023-11-11,Florida,12,23372215,462
2023-11-11,Georgia,13,11180878,116
2023-11-11,Maryland,24,6263220,19
2023-11-11,North Carolina,37,11046024,52
2023-11-18,Delaware,10,1051917,2
2023-11-18,Florida,12,23372215,651
2023-11-18,Georgia,13,11180878,133
2023-11-18,Maryland,24,6263220,27
2023-11-18,North Carolina,37,11046024,90
2023-11-25,Delaware,10,1051917,1
2023-11-25,Florida,12,23372215,701
2023-11-25,Georgia,13,11180878,156
2023-11-25,Maryland,24,6263220,22
2023-11-25,North Carolina,37,11046024,156
2023-12-02,Delaware,10,1051917,2
2023-12-02,Florida,12,23372215,743
2023-12-02,Georgia,13,11180878,225
2023-12-02,Maryland,24,6263220,60
2023-12-02,North Carolina,37,11046024,223
2023-12-09,Delaware,10,1051917,10
2023-12-09,Florida,12,23372215,759
2023-12-09,Georgia,13,11180878,261
2023-12-09,Maryland,24,6263220,78
2023-12-09,North Carolina,37,11046024,327
2023-12-16,Delaware,10,1051917,18
2023-12-16,Florida,12,23372215,842
2023-12-16,Georgia,13,11180878,442
2023-12-16,Maryland,24,6263220,115
2023-12-16,North Carolina,37,11046024,421
2023-12-23,Delaware,10,1051917,24
2023-12-23,Florida,12,23372215,988
2023-12-23,Georgia,13,11180878,746
2023-12-23,Maryland,24,6263220,207
2023-12-23,North Carolina,37,11046024,769
2023-12-30,Delaware,10,1051917,60
2023-12-30,Florida,12,23372215,1350
2023-12-30,Georgia,13,11180878,1132
2023-12-30,Maryland,24,6263220,328
2023-12-30,North Carolina,37,11046024,1117
2024-01-06,Delaware,10,1051917,48
2024-01-06,Florida,12,23372215,1411
2024-01-06,Georgia,13,11180878,758
2024-01-06,Maryland,24,6263220,322
2024-01-06,North Carolina,37,11046024,817
2024-01-13,Delaware,10,1051917,34
2024-01-13,Florida,12,23372215,1069
2024-01-13,Georgia,13,11180878,627
2024-01-13,Maryland,24,6263220,245
2024-01-13,North Carolina,37,11046024,530
2024-01-20,Delaware,10,1051917,32
2024-01-20,Florida,12,23372215,907
2024-01-20,Georgia,13,11180878,486
2024-01-20,Maryland,24,6263220,198
2024-01-20,North Carolina,37,11046024,323
2024-01-27,Delaware,10,1051917,28
2024-01-27,Florida,12,23372215,833
2024-01-27,Georgia,13,11180878,455
2024-01-27,Maryland,24,6263220,171
2024-01-27,North Carolina,37,11046024,320
2024-02-03,Delaware,10,1051917,25
2024-02-03,Florida,12,23372215,711
2024-02-03,Georgia,13,11180878,354
2024-02-03,Maryland,24,6263220,113
2024-02-03,North Carolina,37,11046024,267
2024-02-10,Delaware,10,1051917,25
2024-02-10,Florida,12,23372215,827
2024-02-10,Georgia,13,11180878,308
2024-02-10,Maryland,24,6263220,111
2024-02-10,North Carolina,37,11046024,185
2024-02-17,Delaware,10,1051917,36
2024-02-17,Florida,12,23372215,677
2024-02-17,Georgia,13,11180878,259
2024-02-17,Maryland,24,6263220,123
2024-02-17,North Carolina,37,11046024,191
2024-02-24,Delaware,10,1051917,24
2024-02-24,Florida,12,23372215,617
2024-02-24,Georgia,13,11180878,192
2024-02-24,Maryland,24,6263220,118
2024-02-24,North Carolina,37,11046024,169
2024-03-02,Delaware,10,1051917,33
2024-03-02,Florida,12,23372215,536
2024-03-02,Georgia,13,11180878,203
2024-03-02,Maryland,24,6263220,176
2024-03-02,North Carolina,37,11046024,174
2024-03-09,Delaware,10,1051917,26
2024-03-09,Florida,12,23372215,533
2024-03-09,Georgia,13,11180878,156
2024-03-09,Maryland,24,6263220,170
2024-03-09,North Carolina,37,11046024,147
2024-03-16,Delaware,10,1051917,18
2024-03-16,Florida,12,23372215,516
2024-03-16,Georgia,13,11180878,102
2024-03-16,Maryland,24,6263220,114
2024-03-16,North Carolina,37,11046024,100
2024-03-23,Delaware,10,1051917,16
2024-03-23,Florida,12,23372215,419
2024-03-23,Georgia,13,11180878,81
2024-03-23,Maryland,24,6263220,75
2024-03-23,North Carolina,37,11046024,87
2024-03-30,Delaware,10,1051917,15
2024-03-30,Florida,12,23372215,402
2024-03-30,Georgia,13,11180878,64
2024-03-30,Maryland,24,6263220,76
2024-03-30,North Carolina,37,11046024,91
2024-04-06,Delaware,10,1051917,19
2024-04-06,Florida,12,23372215,311
2024-04-06,Georgia,13,11180878,60
2024-04-06,Maryland,24,6263220,88
2024-04-06,North Carolina,37,11046024,79
2024-04-13,Delaware,10,1051917,7
2024-04-13,Florida,12,23372215,324
2024-04-13,Georgia,13,11180878,57
2024-04-13,Maryland,24,6263220,55
2024-04-13,North Carolina,37,11046024,60
2024-04-20,Delaware,10,1051917,8
2024-04-20,Florida,12,23372215,237
2024-04-20,Georgia,13,11180878,40
2024-04-20,Maryland,24,6263220,38
2024-04-20,North Carolina,37,11046024,23
2024-04-27,Delaware,10,1051917,2
2024-04-27,Florida,12,23372215,260
2024-04-27,Georgia,13,11180878,35
2024-04-27,Maryland,24,6263220,20
2024-04-27,North Carolina,37,11046024,14
2024-05-04,Delaware,10,1051917,4
2024-05-04,Florida,12,23372215,140
2024-05-04,Georgia,13,11180878,16
2024-05-04,Maryland,24,6263220,10
2024-05-04,North Carolina,37,11046024,9
2024-05-11,Delaware,10,1051917,1
2024-05-11,Florida,12,23372215,85
2024-05-11,Georgia,13,11180878,7
2024-05-11,Maryland,24,6263220,5
2024-05-11,North Carolina,37,11046024,0
2024-05-18,Delaware,10,1051917,1
2024-05-18,Florida,12,23372215,91
2024-05-18,Georgia,13,11180878,6
2024-05-18,Maryland,24,6263220,0
2024-05-18,North Carolina,37,11046024,0
2024-05-25,Delaware,10,1051917,1
2024-05-25,Florida,12,23372215,97
2024-05-25,Georgia,13,11180878,3
2024-05-25,Maryland,24,6263220,0
2024-05-25,North Carolina,37,11046024,0
2024-06-01,Delaware,10,1051917,0
2024-06-01,Florida,12,23372215,77
2024-06-01,Georgia,13,11180878,5
2024-06-01,Maryland,24,6263220,5
2024-06-01,North Carolina,37,11046024,0
2024-06-08,Delaware,10,1051917,1
2024-06-08,Florida,12,23372215,81
2024-06-08,Georgia,13,11180878,2
2024-06-08,Maryland,24,6263220,3
2024-06-08,North Carolina,37,11046024,0
2024-06-15,Delaware,10,1051917,0
2024-06-15,Florida,12,23372215,80
2024-06-15,Georgia,13,11180878,1
2024-06-15,Maryland,24,6263220,0
2024-06-15,North Carolina,37,11046024,0
2024-06-22,Delaware,10,1051917,0
2024-06-22,Florida,12,23372215,64
2024-06-22,Georgia,13,11180878,2
2024-06-22,Maryland,24,6263220,0
2024-06-22,North Carolina,37,11046024,0
2024-06-29,Delaware,10,1051917,1
2024-06-29,Florida,12,23372215,62
2024-06-29,Georgia,13,11180878,4
2024-06-29,Maryland,24,6263220,2
2024-06-29,North Carolina,37,11046024,0
2024-07-06,Delaware,10,1051917,0
2024-07-06,Florida,12,23372215,56
2024-07-06,Georgia,13,11180878,4
2024-07-06,Maryland,24,6263220,1
2024-07-06,North Carolina,37,11046024,1
2024-07-13,Delaware,10,1051917,0
2024-07-13,Florida,12,23372215,78
2024-07-13,Georgia,13,11180878,0
2024-07-13,Maryland,24,6263220,0
2024-07-13,North Carolina,37,11046024,0
2024-07-20,Delaware,10,1051917,0
2024-07-20,Florida,12,23372215,59
2024-07-20,Georgia,13,11180878,0
2024-07-20,Maryland,24,6263220,0
2024-07-20,North Carolina,37,11046024,2
2024-07-27,Delaware,10,1051917,0
2024-07-27,Florida,12,23372215,41
2024-07-27,Georgia,13,11180878,1
2024-07-27,Maryland,24,6263220,0
2024-07-27,North Carolina,37,11046024,0
2024-08-03,Delaware,10,1051917,0
2024-08-03,Florida,12,23372215,54
2024-08-03,Georgia,13,11180878,3
2024-08-03,Maryland,24,6263220,1
2024-08-03,North Carolina,37,11046024,0
2024-08-10,Delaware,10,1051917,0
2024-08-10,Florida,12,23372215,42
2024-08-10,Georgia,13,11180878,2
2024-08-10,Maryland,24,6263220,0
2024-08-10,North Carolina,37,11046024,1
2024-08-17,Delaware,10,1051917,0
2024-08-17,Florida,12,23372215,45
2024-08-17,Georgia,13,11180878,2
2024-08-17,Maryland,24,6263220,2
2024-08-17,North Carolina,37,11046024,0
2024-08-24,Delaware,10,1051917,0
2024-08-24,Florida,12,23372215,41
2024-08-24,Georgia,13,11180878,2
2024-08-24,Maryland,24,6263220,2
2024-08-24,North Carolina,37,11046024,0
2024-08-31,Delaware,10,1051917,0
2024-08-31,Florida,12,23372215,38
2024-08-31,Georgia,13,11180878,3
2024-08-31,Maryland,24,6263220,0
2024-08-31,North Carolina,37,11046024,0
2024-09-07,Delaware,10,1051917,1
2024-09-07,Florida,12,23372215,55
2024-09-07,Georgia,13,11180878,0
2024-09-07,Maryland,24,6263220,0
2024-09-07,North Carolina,37,11046024,0
2024-09-14,Delaware,10,1051917,0
2024-09-14,Florida,12,23372215,79
2024-09-14,Georgia,13,11180878,3
2024-09-14,Maryland,24,6263220,3
2024-09-14,North Carolina,37,11046024,0
2024-09-21,Delaware,10,1051917,0
2024-09-21,Florida,12,23372215,44
2024-09-21,Georgia,13,11180878,5
2024-09-21,Maryland,24,6263220,5
2024-09-21,North Carolina,37,11046024,0
2024-09-28,Delaware,10,1051917,0
2024-09-28,Florida,12,23372215,46
2024-09-28,Georgia,13,11180878,2
2024-09-28,Maryland,24,6263220,1
2024-09-28,North Carolina,37,11046024,0
2024-10-05,Delaware,10,1051917,0
2024-10-05,Florida,12,23372215,53
2024-10-05,Georgia,13,11180878,1
2024-10-05,Maryland,24,6263220,1
2024-10-05,North Carolina,37,11046024,0
2024-10-12,Delaware,10,1051917,0
2024-10-12,Florida,12,23372215,17
2024-10-12,Georgia,13,11180878,0
2024-10-12,Maryland,24,6263220,0
2024-10-12,North Carolina,37,11046024,77
2024-10-19,Delaware,10,1051917,0
2024-10-19,Florida,12,23372215,134
2024-10-19,Georgia,13,11180878,5
2024-10-19,Maryland,24,6263220,2
2024-10-19,North Carolina,37,11046024,48
2024-10-26,Delaware,10,1051917,0
2024-10-26,Florida,12,23372215,114
2024-10-26,Georgia,13,11180878,8
2024-10-26,Maryland,24,6263220,0
2024-10-26,North Carolina,37,11046024,47
2024-11-02,Delaware,10,1051917,0
2024-11-02,Florida,12,23372215,114
2024-11-02,Georgia,13,11180878,14
2024-11-02,Maryland,24,6263220,4
2024-11-02,North Carolina,37,11046024,14
2024-11-09,Delaware,10,1051917,1
2024-11-09,Florida,12,23372215,365
2024-11-09,Georgia,13,11180878,42
2024-11-09,Maryland,24,6263220,9
2024-11-09,North Carolina,37,11046024,27
2024-11-16,Delaware,10,1051917,4
2024-11-16,Florida,12,23372215,386
2024-11-16,Georgia,13,11180878,44
2024-11-16,Maryland,24,6263220,11
2024-11-16,North Carolina,37,11046024,38
2024-11-23,Delaware,10,1051917,7
2024-11-23,Florida,12,23372215,443
2024-11-23,Georgia,13,11180878,48
2024-11-23,Maryland,24,6263220,16
2024-11-23,North Carolina,37,11046024,31
2024-11-30,Delaware,10,1051917,5
2024-11-30,Florida,12,23372215,612
2024-11-30,Georgia,13,11180878,56
2024-11-30,Maryland,24,6263220,21
2024-11-30,North Carolina,37,11046024,43
2024-12-07,Delaware,10,1051917,15
2024-12-07,Florida,12,23372215,714
2024-12-07,Georgia,13,11180878,88
2024-12-07,Maryland,24,6263220,37
2024-12-07,North Carolina,37,11046024,65
2024-12-14,Delaware,10,1051917,15
2024-12-14,Florida,12,23372215,891
2024-12-14,Georgia,13,11180878,215
2024-12-14,Maryland,24,6263220,73
2024-12-14,North Carolina,37,11046024,176
2024-12-21,Delaware,10,1051917,43
2024-12-21,Florida,12,23372215,1261
2024-12-21,Georgia,13,11180878,397
2024-12-21,Maryland,24,6263220,131
2024-12-21,North Carolina,37,11046024,297
2024-12-28,Delaware,10,1051917,96
2024-12-28,Florida,12,23372215,2077
2024-12-28,Georgia,13,11180878,800
2024-12-28,Maryland,24,6263220,195
2024-12-28,North Carolina,37,11046024,630
2025-01-04,Delaware,10,1051917,185
2025-01-04,Florida,12,23372215,2871
2025-01-04,Georgia,13,11180878,1144
2025-01-04,Maryland,24,6263220,457
2025-01-04,North Carolina,37,11046024,960
2025-01-11,Delaware,10,1051917,108
2025-01-11,Florida,12,23372215,2454
2025-01-11,Georgia,13,11180878,823
2025-01-11,Maryland,24,6263220,372
2025-01-11,North Carolina,37,11046024,855
2025-01-18,Delaware,10,1051917,94
2025-01-18,Florida,12,23372215,2708
2025-01-18,Georgia,13,11180878,992
2025-01-18,Maryland,24,6263220,466
2025-01-18,North Carolina,37,11046024,1150
2025-01-25,Delaware,10,1051917,117
2025-01-25,Florida,12,23372215,3241
2025-01-25,Georgia,13,11180878,1195
2025-01-25,Maryland,24,6263220,611
2025-01-25,North Carolina,37,11046024,1622
2025-02-01,Delaware,10,1051917,198
2025-02-01,Florida,12,23372215,3787
2025-02-01,Georgia,13,11180878,1373
2025-02-01,Maryland,24,6263220,810
2025-02-01,North Carolina,37,11046024,2155
2025-02-08,Delaware,10,1051917,231
2025-02-08,Florida,12,23372215,3349
2025-02-08,Georgia,13,11180878,1301
2025-02-08,Maryland,24,6263220,1086
2025-02-08,North Carolina,37,11046024,2377
2025-02-15,Delaware,10,1051917,230
2025-02-15,Florida,12,23372215,2614
2025-02-15,Georgia,13,11180878,744
2025-02-15,Maryland,24,6263220,1081
2025-02-15,North Carolina,37,11046024,1768
2025-02-22,Delaware,10,1051917,164
2025-02-22,Florida,12,23372215,2076
2025-02-22,Georgia,13,11180878,461
2025-02-22,Maryland,24,6263220,764
2025-02-22,North Carolina,37,11046024,1228
2025-03-01,Delaware,10,1051917,125
2025-03-01,Florida,12,23372215,1630
2025-03-01,Georgia,13,11180878,437
2025-03-01,Maryland,24,6263220,548
2025-03-01,North Carolina,37,11046024,960
2025-03-08,Delaware,10,1051917,81
2025-03-08,Florida,12,23372215,1322
2025-03-08,Georgia,13,11180878,396
2025-03-08,Maryland,24,6263220,379
2025-03-08,North Carolina,37,11046024,857
2025-03-15,Delaware,10,1051917,64
2025-03-15,Florida,12,23372215,1107
2025-03-15,Georgia,13,11180878,365
2025-03-15,Maryland,24,6263220,291
2025-03-15,North Carolina,37,11046024,687
2025-03-22,Delaware,10,1051917,48
2025-03-22,Florida,12,23372215,920
2025-03-22,Georgia,13,11180878,235
2025-03-22,Maryland,24,6263220,210
2025-03-22,North Carolina,37,11046024,444
2025-03-29,Delaware,10,1051917,34
2025-03-29,Florida,12,23372215,724
2025-03-29,Georgia,13,11180878,190
2025-03-29,Maryland,24,6263220,135
2025-03-29,North Carolina,37,11046024,312
2025-04-05,Delaware,10,1051917,24
2025-04-05,Florida,12,23372215,591
2025-04-05,Georgia,13,11180878,162
2025-04-05,Maryland,24,6263220,129
2025-04-05,North Carolina,37,11046024,192
2025-04-12,Delaware,10,1051917,14
2025-04-12,Florida,12,23372215,409
2025-04-12,Georgia,13,11180878,84
2025-04-12,Maryland,24,6263220,94
2025-04-12,North Carolina,37,11046024,103
2025-04-19,Delaware,10,1051917,10
2025-04-19,Florida,12,23372215,343
2025-04-19,Georgia,13,11180878,64
2025-04-19,Maryland,24,6263220,62
2025-04-19,North Carolina,37,11046024,64
2025-04-26,Delaware,10,1051917,4
2025-04-26,Florida,12,23372215,268
2025-04-26,Georgia,13,11180878,44
2025-04-26,Maryland,24,6263220,47
2025-04-26,North Carolina,37,11046024,51
2025-05-03,Delaware,10,1051917,10
2025-05-03,Florida,12,23372215,241
2025-05-03,Georgia,13,11180878,44
2025-05-03,Maryland,24,6263220,41
2025-05-03,North Carolina,37,11046024,41
2025-05-10,Delaware,10,1051917,5
2025-05-10,Florida,12,23372215,239
2025-05-10,Georgia,13,11180878,44
2025-05-10,Maryland,24,6263220,21
2025-05-10,North Carolina,37,11046024,28
2025-05-17,Delaware,10,1051917,0
2025-05-17,Florida,12,23372215,219
2025-05-17,Georgia,13,11180878,34
2025-05-17,Maryland,24,6263220,10
2025-05-17,North Carolina,37,11046024,19
2025-05-24,Delaware,10,1051917,1
2025-05-24,Florida,12,23372215,215
2025-05-24,Georgia,13,11180878,21
2025-05-24,Maryland,24,6263220,26
2025-05-24,North Carolina,37,11046024,19
2025-05-31,Delaware,10,1051917,0
2025-05-31,Florida,12,23372215,232
2025-05-31,Georgia,13,11180878,26
2025-05-31,Maryland,24,6263220,38
2025-05-31,North Carolina,37,11046024,19
2025-06-07,Delaware,10,1051917,0
2025-06-07,Florida,12,23372215,212
2025-06-07,Georgia,13,11180878,28
2025-06-07,Maryland,24,6263220,34
2025-06-07,North Carolina,37,11046024,25
2025-06-14,Delaware,10,1051917,5
2025-06-14,Florida,12,23372215,227
2025-06-14,Georgia,13,11180878,31
2025-06-14,Maryland,24,6263220,13
2025-06-14,North Carolina,37,11046024,18
2025-06-21,Delaware,10,1051917,3
2025-06-21,Florida,12,23372215,217
2025-06-21,Georgia,13,11180878,18
2025-06-21,Maryland,24,6263220,6
2025-06-21,North Carolina,37,11046024,23
2025-06-28,Delaware,10,1051917,1
2025-06-28,Florida,12,23372215,193
2025-06-28,Georgia,13,11180878,24
2025-06-28,Maryland,24,6263220,6
2025-06-28,North Carolina,37,11046024,26
2025-07-05,Delaware,10,1051917,3
2025-07-05,Florida,12,23372215,181
2025-07-05,Georgia,13,11180878,9
2025-07-05,Maryland,24,6263220,7
2025-07-05,North Carolina,37,11046024,16
2025-07-12,Delaware,10,1051917,2
2025-07-12,Florida,12,23372215,177
2025-07-12,Georgia,13,11180878,17
2025-07-12,Maryland,24,6263220,4
2025-07-12,North Carolina,37,11046024,12
2025-07-19,Delaware,10,1051917,1
2025-07-19,Florida,12,23372215,170
2025-07-19,Georgia,13,11180878,21
2025-07-19,Maryland,24,6263220,4
2025-07-19,North Carolina,37,11046024,12
2025-07-26,Delaware,10,1051917,0
2025-07-26,Florida,12,23372215,173
2025-07-26,Georgia,13,11180878,14
2025-07-26,Maryland,24,6263220,18
2025-07-26,North Carolina,37,11046024,14
2025-08-02,Delaware,10,1051917,0
2025-08-02,Florida,12,23372215,151
2025-08-02,Georgia,13,11180878,22
2025-08-02,Maryland,24,6263220,6
2025-08-02,North Carolina,37,11046024,13
2025-08-09,Delaware,10,1051917,0
2025-08-09,Florida,12,23372215,132
2025-08-09,Georgia,13,11180878,11
2025-08-09,Maryland,24,6263220,3
2025-08-09,North Carolina,37,11046024,12
2025-08-16,Delaware,10,1051917,0
2025-08-16,Florida,12,23372215,139
2025-08-16,Georgia,13,11180878,19
2025-08-16,Maryland,24,6263220,6
2025-08-16,North Carolina,37,11046024,11
2025-08-23,Delaware,10,1051917,0
2025-08-23,Florida,12,23372215,124
2025-08-23,Georgia,13,11180878,19
2025-08-23,Maryland,24,6263220,7
2025-08-23,North Carolina,37,11046024,12
2025-08-30,Delaware,10,1051917,2
2025-08-30,Florida,12,23372215,187
2025-08-30,Georgia,13,11180878,19
2025-08-30,Maryland,24,6263220,6
2025-08-30,North Carolina,37,11046024,11
2025-09-06,Delaware,10,1051917,0
2025-09-06,Florida,12,23372215,185
2025-09-06,Georgia,13,11180878,13
2025-09-06,Maryland,24,6263220,3
2025-09-06,North Carolina,37,11046024,11
2025-09-13,Delaware,10,1051917,0
2025-09-13,Florida,12,23372215,145
2025-09-13,Georgia,13,11180878,17
2025-09-13,Maryland,24,6263220,6
2025-09-13,North Carolina,37,11046024,7
2025-09-20,Delaware,10,1051917,2
2025-09-20,Florida,12,23372215,150
2025-09-20,Georgia,13,11180878,20
2025-09-20,Maryland,24,6263220,6
2025-09-20,North Carolina,37,11046024,19
2025-09-27,Delaware,10,1051917,0
2025-09-27,Florida,12,23372215,181
2025-09-27,Georgia,13,11180878,22
2025-09-27,Maryland,24,6263220,4
2025-09-27,North Carolina,37,11046024,20
2025-10-04,Delaware,10,1051917,1
2025-10-04,Florida,12,23372215,142
2025-10-04,Georgia,13,11180878,27
2025-10-04,Maryland,24,6263220,3
2025-10-04,North Carolina,37,11046024,19
2025-10-11,Delaware,10,1051917,7
2025-10-11,Florida,12,23372215,171
2025-10-11,Georgia,13,11180878,15
2025-10-11,Maryland,24,6263220,9
2025-10-11,North Carolina,37,11046024,22
2025-10-18,Delaware,10,1051917,1
2025-10-18,Florida,12,23372215,196
2025-10-18,Georgia,13,11180878,25
2025-10-18,Maryland,24,6263220,6
2025-10-18,North Carolina,37,11046024,23
2025-10-25,Delaware,10,1051917,0
2025-10-25,Florida,12,23372215,221
2025-10-25,Georgia,13,11180878,32
2025-10-25,Maryland,24,6263220,17
2025-10-25,North Carolina,37,11046024,23
2025-11-01,Delaware,10,1051917,3
2025-11-01,Florida,12,23372215,236
2025-11-01,Georgia,13,11180878,31
2025-11-01,Maryland,24,6263220,14
2025-11-01,North Carolina,37,11046024,28
2025-11-08,Delaware,10,1051917,4
2025-11-08,Florida,12,23372215,301
2025-11-08,Georgia,13,11180878,47
2025-11-08,Maryland,24,6263220,20
2025-11-08,North Carolina,37,11046024,43
2025-11-15,Delaware,10,1051917,7
2025-11-15,Florida,12,23372215,388
2025-11-15,Georgia,13,11180878,62
2025-11-15,Maryland,24,6263220,35
2025-11-15,North Carolina,37,11046024,178
2025-11-22,Delaware,10,1051917,13
2025-11-22,Florida,12,23372215,619
2025-11-22,Georgia,13,11180878,106
2025-11-22,Maryland,24,6263220,66
2025-11-22,North Carolina,37,11046024,117
2025-11-29,Delaware,10,1051917,13
2025-11-29,Florida,12,23372215,729
2025-11-29,Georgia,13,11180878,166
2025-11-29,Maryland,24,6263220,101
2025-11-29,North Carolina,37,11046024,163
2025-12-06,Delaware,10,1051917,17
2025-12-06,Florida,12,23372215,881
2025-12-06,Georgia,13,11180878,182
2025-12-06,Maryland,24,6263220,140
2025-12-06,North Carolina,37,11046024,308
2025-12-13,Delaware,10,1051917,39
2025-12-13,Florida,12,23372215,912
2025-12-13,Georgia,13,11180878,330
2025-12-13,Maryland,24,6263220,242
2025-12-13,North Carolina,37,11046024,538
2025-12-20,Delaware,10,1051917,99
2025-12-20,Florida,12,23372215,1536
2025-12-20,Georgia,13,11180878,675
2025-12-20,Maryland,24,6263220,408
2025-12-20,North Carolina,37,11046024,1233
2025-12-27,Delaware,10,1051917,211
2025-12-27,Florida,12,23372215,2185
2025-12-27,Georgia,13,11180878,1400
2025-12-27,Maryland,24,6263220,660
2025-12-27,North Carolina,37,11046024,2526
2026-01-03,Delaware,10,1051917,209
2026-01-03,Florida,12,23372215,2604
2026-01-03,Georgia,13,11180878,1317
2026-01-03,Maryland,24,6263220,824
2026-01-03,North Carolina,37,11046024,2458
2026-01-10,Delaware,10,1051917,174
2026-01-10,Florida,12,23372215,2469
2026-01-10,Georgia,13,11180878,707
2026-01-10,Maryland,24,6263220,602
2026-01-10,North Carolina,37,11046024,1419
2026-01-17,Delaware,10,1051917,134
2026-01-17,Florida,12,23372215,1788
2026-01-17,Georgia,13,11180878,349
2026-01-17,Maryland,24,6263220,294
2026-01-17,North Carolina,37,11046024,645
2026-01-24,Delaware,10,1051917,101
2026-01-24,Florida,12,23372215,1533
2026-01-24,Georgia,13,11180878,342
2026-01-24,Maryland,24,6263220,169
2026-01-24,North Carolina,37,11046024,526
2026-01-31,Delaware,10,1051917,74
2026-01-31,Florida,12,23372215,1579
2026-01-31,Georgia,13,11180878,341
2026-01-31,Maryland,24,6263220,113
2026-01-31,North Carolina,37,11046024,440
2026-02-07,Delaware,10,1051917,51
2026-02-07,Florida,12,23372215,1928
2026-02-07,Georgia,13,11180878,363
2026-02-07,Maryland,24,6263220,90
2026-02-07,North Carolina,37,11046024,386
2026-02-14,Delaware,10,1051917,48
2026-02-14,Florida,12,23372215,2484
2026-02-14,Georgia,13,11180878,443
2026-02-14,Maryland,24,6263220,83
2026-02-14,North Carolina,37,11046024,272
2026-02-21,Delaware,10,1051917,49
2026-02-21,Florida,12,23372215,2027
2026-02-21,Georgia,13,11180878,384
2026-02-21,Maryland,24,6263220,72
2026-02-21,North Carolina,37,11046024,307
2026-02-28,Delaware,10,1051917,40
2026-02-28,Florida,12,23372215,1304
2026-02-28,Georgia,13,11180878,249
2026-02-28,Maryland,24,6263220,40
2026-02-28,North Carolina,37,11046024,240
2026-03-07,Delaware,10,1051917,31
2026-03-07,Florida,12,23372215,1042
2026-03-07,Georgia,13,11180878,226
2026-03-07,Maryland,24,6263220,52
2026-03-07,North Carolina,37,11046024,205
2026-03-14,Delaware,10,1051917,38
2026-03-14,Florida,12,23372215,741
2026-03-14,Georgia,13,11180878,152
2026-03-14,Maryland,24,6263220,54
2026-03-14,North Carolina,37,11046024,144
2026-03-21,Delaware,10,1051917,24
2026-03-21,Florida,12,23372215,500
2026-03-21,Georgia,13,11180878,101
2026-03-21,Maryland,24,6263220,55
2026-03-21,North Carolina,37,11046024,88
2026-03-28,Delaware,10,1051917,4
2026-03-28,Florida,12,23372215,334
2026-03-28,Georgia,13,11180878,55
2026-03-28,Maryland,24,6263220,9
2026-03-28,North Carolina,37,11046024,50
2026-04-04,Delaware,10,1051917,7
2026-04-04,Florida,12,23372215,201
2026-04-04,Georgia,13,11180878,73
2026-04-04,Maryland,24,6263220,10
2026-04-04,North Carolina,37,11046024,39
2026-04-11,Delaware,10,1051917,6
2026-04-11,Florida,12,23372215,155
2026-04-11,Georgia,13,11180878,42
2026-04-11,Maryland,24,6263220,9
2026-04-11,North Carolina,37,11046024,31
2026-04-18,Delaware,10,1051917,2
2026-04-18,Florida,12,23372215,170
2026-04-18,Georgia,13,11180878,38
2026-04-18,Maryland,24,6263220,6
2026-04-18,North Carolina,37,11046024,15
2026-04-25,Delaware,10,1051917,6
2026-04-25,Florida,12,23372215,187
2026-04-25,Georgia,13,11180878,31
2026-04-25,Maryland,24,6263220,11
2026-04-25,North Carolina,37,11046024,19
2026-05-02,Delaware,10,1051917,4
2026-05-02,Florida,12,23372215,166
2026-05-02,Georgia,13,11180878,19
2026-05-02,Maryland,24,6263220,12
2026-05-02,North Carolina,37,11046024,17
2026-05-09,Delaware,10,1051917,4
2026-05-09,Florida,12,23372215,151
2026-05-09,Georgia,13,11180878,16
2026-05-09,Maryland,24,6263220,20
2026-05-09,North Carolina,37,11046024,22
2026-05-16,Delaware,10,1051917,5
2026-05-16,Florida,12,23372215,125
2026-05-16,Georgia,13,11180878,28
2026-05-16,Maryland,24,6263220,13
2026-05-16,North Carolina,37,11046024,15
2026-05-23,Delaware,10,1051917,2
2026-05-23,Florida,12,23372215,134
2026-05-23,Georgia,13,11180878,33
2026-05-23,Maryland,24,6263220,12
2026-05-23,North Carolina,37,11046024,13
2026-05-30,Delaware,10,1051917,1
2026-05-30,Florida,12,23372215,133
2026-05-30,Georgia,13,11180878,10
2026-05-30,Maryland,24,6263220,12
2026-05-30,North Carolina,37,11046024,7
2026-06-06,Delaware,10,1051917,0
2026-06-06,Florida,12,23372215,125
2026-06-06,Georgia,13,11180878,18
2026-06-06,Maryland,24,6263220,17
2026-06-06,North Carolina,37,11046024,12
2026-06-13,Delaware,10,1051917,1
2026-06-13,Florida,12,23372215,97
2026-06-13,Georgia,13,11180878,10
2026-06-13,Maryland,24,6263220,12
2026-06-13,North Carolina,37,11046024,10
2026-06-20,Delaware,10,1051917,0
2026-06-20,Florida,12,23372215,107
2026-06-20,Georgia,13,11180878,8
2026-06-20,Maryland,24,6263220,9
2026-06-20,North Carolina,37,11046024,5
2026-06-27,Delaware,10,1051917,0
2026-06-27,Florida,12,23372215,109
2026-06-27,Georgia,13,11180878,11
2026-06-27,Maryland,24,6263220,5
2026-06-27,North Carolina,37,11046024,5
2026-07-04,Delaware,10,1051917,4
2026-07-04,Florida,12,23372215,93
2026-07-04,Georgia,13,11180878,14
2026-07-04,Maryland,24,6263220,6
2026-07-04,North Carolina,37,11046024,8
