year,week,date,age_group,inc_sari_hosp
2015,1,1/10/15,Pediatric,85
2015,1,1/10/15,Adult,9
2015,1,1/10/15,Overall,72
2015,2,1/17/15,Pediatric,73
2015,2,1/17/15,Adult,13
2015,2,1/17/15,Overall,99
2015,3,1/24/15,Pediatric,81
2015,3,1/24/15,Adult,14
2015,3,1/24/15,Overall,93
2015,4,1/31/15,Pediatric,86
2015,4,1/31/15,Adult,31
2015,4,1/31/15,Overall,127
2015,5,2/7/15,Pediatric,64
2015,5,2/7/15,Adult,7
2015,5,2/7/15,Overall,75
2015,6,2/14/15,Pediatric,48
2015,6,2/14/15,Adult,11
2015,6,2/14/15,Overall,64
2015,7,2/21/15,Pediatric,70
2015,7,2/21/15,Adult,14
2015,7,2/21/15,Overall,55
2015,8,2/28/15,Pediatric,79
2015,8,2/28/15,Adult,16
2015,8,2/28/15,Overall,82
2015,9,3/7/15,Pediatric,97
2015,9,3/7/15,Adult,21
2015,9,3/7/15,Overall,117
2015,10,3/14/15,Pediatric,106
2015,10,3/14/15,Adult,40
2015,10,3/14/15,Overall,140
2015,11,3/21/15,Pediatric,143
2015,11,3/21/15,Adult,18
2015,11,3/21/15,Overall,123
2015,12,3/28/15,Pediatric,109
2015,12,3/28/15,Adult,17
2015,12,3/28/15,Overall,137
2015,13,4/4/15,Pediatric,142
2015,13,4/4/15,Adult,9
2015,13,4/4/15,Overall,135
2015,14,4/11/15,Pediatric,128
2015,14,4/11/15,Adult,11
2015,14,4/11/15,Overall,169
2015,15,4/18/15,Pediatric,138
2015,15,4/18/15,Adult,13
2015,15,4/18/15,Overall,129
2015,16,4/25/15,Pediatric,107
2015,16,4/25/15,Adult,28
2015,16,4/25/15,Overall,144
2015,17,5/2/15,Pediatric,126
2015,17,5/2/15,Adult,18
2015,17,5/2/15,Overall,125
2015,18,5/9/15,Pediatric,78
2015,18,5/9/15,Adult,26
2015,18,5/9/15,Overall,93
2015,19,5/16/15,Pediatric,70
2015,19,5/16/15,Adult,11
2015,19,5/16/15,Overall,116
2015,20,5/23/15,Pediatric,73
2015,20,5/23/15,Adult,13
2015,20,5/23/15,Overall,147
2015,21,5/30/15,Pediatric,58
2015,21,5/30/15,Adult,27
2015,21,5/30/15,Overall,106
2015,22,6/6/15,Pediatric,97
2015,22,6/6/15,Adult,28
2015,22,6/6/15,Overall,146
2015,23,6/13/15,Pediatric,123
2015,23,6/13/15,Adult,47
2015,23,6/13/15,Overall,173
2015,24,6/20/15,Pediatric,104
2015,24,6/20/15,Adult,52
2015,24,6/20/15,Overall,163
2015,25,6/27/15,Pediatric,129
2015,25,6/27/15,Adult,90
2015,25,6/27/15,Overall,205
2015,26,7/4/15,Pediatric,121
2015,26,7/4/15,Adult,80
2015,26,7/4/15,Overall,200
2015,27,7/11/15,Pediatric,88
2015,27,7/11/15,Adult,88
2015,27,7/11/15,Overall,193
2015,28,7/18/15,Pediatric,75
2015,28,7/18/15,Adult,71
2015,28,7/18/15,Overall,193
2015,29,7/25/15,Pediatric,100
2015,29,7/25/15,Adult,49
2015,29,7/25/15,Overall,202
2015,30,8/1/15,Pediatric,93
2015,30,8/1/15,Adult,57
2015,30,8/1/15,Overall,148
2015,31,8/8/15,Pediatric,116
2015,31,8/8/15,Adult,51
2015,31,8/8/15,Overall,166
2015,32,8/15/15,Pediatric,87
2015,32,8/15/15,Adult,47
2015,32,8/15/15,Overall,108
2015,33,8/22/15,Pediatric,95
2015,33,8/22/15,Adult,31
2015,33,8/22/15,Overall,125
2015,34,8/29/15,Pediatric,112
2015,34,8/29/15,Adult,44
2015,34,8/29/15,Overall,145
2015,35,9/5/15,Pediatric,119
2015,35,9/5/15,Adult,34
2015,35,9/5/15,Overall,157
2015,36,9/12/15,Pediatric,104
2015,36,9/12/15,Adult,37
2015,36,9/12/15,Overall,120
2015,37,9/19/15,Pediatric,126
2015,37,9/19/15,Adult,48
2015,37,9/19/15,Overall,207
2015,38,9/26/15,Pediatric,101
2015,38,9/26/15,Adult,31
2015,38,9/26/15,Overall,98
2015,39,10/3/15,Pediatric,72
2015,39,10/3/15,Adult,26
2015,39,10/3/15,Overall,101
2015,40,10/10/15,Pediatric,74
2015,40,10/10/15,Adult,25
2015,40,10/10/15,Overall,120
2015,41,10/17/15,Pediatric,88
2015,41,10/17/15,Adult,26
2015,41,10/17/15,Overall,93
2015,42,10/24/15,Pediatric,101
2015,42,10/24/15,Adult,26
2015,42,10/24/15,Overall,110
2015,43,10/31/15,Pediatric,81
2015,43,10/31/15,Adult,22
2015,43,10/31/15,Overall,106
2015,44,11/7/15,Pediatric,87
2015,44,11/7/15,Adult,20
2015,44,11/7/15,Overall,61
2015,45,11/14/15,Pediatric,62
2015,45,11/14/15,Adult,22
2015,45,11/14/15,Overall,93
2015,46,11/21/15,Pediatric,83
2015,46,11/21/15,Adult,19
2015,46,11/21/15,Overall,73
2015,47,11/28/15,Pediatric,65
2015,47,11/28/15,Adult,20
2015,47,11/28/15,Overall,72
2015,48,12/5/15,Pediatric,57
2015,48,12/5/15,Adult,25
2015,48,12/5/15,Overall,81
2015,49,12/12/15,Pediatric,53
2015,49,12/12/15,Adult,11
2015,49,12/12/15,Overall,92
2015,50,12/19/15,Pediatric,41
2015,50,12/19/15,Adult,11
2015,50,12/19/15,Overall,69
2015,51,12/26/15,Pediatric,36
2015,51,12/26/15,Adult,12
2015,51,12/26/15,Overall,37
2015,52,1/2/16,Pediatric,17
2015,52,1/2/16,Adult,7
2015,52,1/2/16,Overall,24
2015,53,1/9/16,Pediatric,15
2016,1,1/9/16,Pediatric,43
2015,53,1/9/16,Adult,2
2016,1,1/9/16,Adult,11
2015,53,1/9/16,Overall,12
2016,1,1/9/16,Overall,51
2016,2,1/16/16,Pediatric,39
2016,2,1/16/16,Adult,15
2016,2,1/16/16,Overall,71
2016,3,1/23/16,Pediatric,34
2016,3,1/23/16,Adult,12
2016,3,1/23/16,Overall,44
2016,4,1/30/16,Pediatric,43
2016,4,1/30/16,Adult,35
2016,4,1/30/16,Overall,79
2016,5,2/6/16,Pediatric,40
2016,5,2/6/16,Adult,12
2016,5,2/6/16,Overall,32
2016,6,2/13/16,Pediatric,35
2016,6,2/13/16,Adult,20
2016,6,2/13/16,Overall,47
2016,7,2/20/16,Pediatric,29
2016,7,2/20/16,Adult,7
2016,7,2/20/16,Overall,35
2016,8,2/27/16,Pediatric,23
2016,8,2/27/16,Adult,14
2016,8,2/27/16,Overall,34
2016,9,3/5/16,Pediatric,20
2016,9,3/5/16,Adult,12
2016,9,3/5/16,Overall,33
2016,10,3/12/16,Pediatric,38
2016,10,3/12/16,Adult,19
2016,10,3/12/16,Overall,58
2016,11,3/19/16,Pediatric,57
2016,11,3/19/16,Adult,16
2016,11,3/19/16,Overall,59
2016,12,3/26/16,Pediatric,46
2016,12,3/26/16,Adult,13
2016,12,3/26/16,Overall,62
2016,13,4/2/16,Pediatric,71
2016,13,4/2/16,Adult,17
2016,13,4/2/16,Overall,83
2016,14,4/9/16,Pediatric,77
2016,14,4/9/16,Adult,30
2016,14,4/9/16,Overall,121
2016,15,4/16/16,Pediatric,67
2016,15,4/16/16,Adult,9
2016,15,4/16/16,Overall,95
2016,16,4/23/16,Pediatric,116
2016,16,4/23/16,Adult,15
2016,16,4/23/16,Overall,97
2016,17,4/30/16,Pediatric,70
2016,17,4/30/16,Adult,17
2016,17,4/30/16,Overall,105
2016,18,5/7/16,Pediatric,161
2016,18,5/7/16,Adult,42
2016,18,5/7/16,Overall,170
2016,19,5/14/16,Pediatric,161
2016,19,5/14/16,Adult,32
2016,19,5/14/16,Overall,150
2016,20,5/21/16,Pediatric,131
2016,20,5/21/16,Adult,36
2016,20,5/21/16,Overall,175
2016,21,5/28/16,Pediatric,219
2016,21,5/28/16,Adult,60
2016,21,5/28/16,Overall,231
2016,22,6/4/16,Pediatric,176
2016,22,6/4/16,Adult,58
2016,22,6/4/16,Overall,229
2016,23,6/11/16,Pediatric,177
2016,23,6/11/16,Adult,56
2016,23,6/11/16,Overall,231
2016,24,6/18/16,Pediatric,232
2016,24,6/18/16,Adult,84
2016,24,6/18/16,Overall,360
2016,25,6/25/16,Pediatric,190
2016,25,6/25/16,Adult,125
2016,25,6/25/16,Overall,318
2016,26,7/2/16,Pediatric,234
2016,26,7/2/16,Adult,99
2016,26,7/2/16,Overall,335
2016,27,7/9/16,Pediatric,225
2016,27,7/9/16,Adult,93
2016,27,7/9/16,Overall,305
2016,28,7/16/16,Pediatric,177
2016,28,7/16/16,Adult,62
2016,28,7/16/16,Overall,239
2016,29,7/23/16,Pediatric,170
2016,29,7/23/16,Adult,49
2016,29,7/23/16,Overall,228
2016,30,7/30/16,Pediatric,164
2016,30,7/30/16,Adult,80
2016,30,7/30/16,Overall,245
2016,31,8/6/16,Pediatric,181
2016,31,8/6/16,Adult,67
2016,31,8/6/16,Overall,180
2016,32,8/13/16,Pediatric,188
2016,32,8/13/16,Adult,39
2016,32,8/13/16,Overall,202
2016,33,8/20/16,Pediatric,156
2016,33,8/20/16,Adult,48
2016,33,8/20/16,Overall,144
2016,34,8/27/16,Pediatric,154
2016,34,8/27/16,Adult,50
2016,34,8/27/16,Overall,192
2016,35,9/3/16,Pediatric,103
2016,35,9/3/16,Adult,42
2016,35,9/3/16,Overall,126
2016,36,9/10/16,Pediatric,136
2016,36,9/10/16,Adult,45
2016,36,9/10/16,Overall,193
2016,37,9/17/16,Pediatric,98
2016,37,9/17/16,Adult,38
2016,37,9/17/16,Overall,168
2016,38,9/24/16,Pediatric,169
2016,38,9/24/16,Adult,38
2016,38,9/24/16,Overall,153
2016,39,10/1/16,Pediatric,84
2016,39,10/1/16,Adult,38
2016,39,10/1/16,Overall,135
2016,40,10/8/16,Pediatric,90
2016,40,10/8/16,Adult,20
2016,40,10/8/16,Overall,146
2016,41,10/15/16,Pediatric,95
2016,41,10/15/16,Adult,24
2016,41,10/15/16,Overall,120
2016,42,10/22/16,Pediatric,106
2016,42,10/22/16,Adult,27
2016,42,10/22/16,Overall,112
2016,43,10/29/16,Pediatric,90
2016,43,10/29/16,Adult,9
2016,43,10/29/16,Overall,84
2016,44,11/5/16,Pediatric,79
2016,44,11/5/16,Adult,26
2016,44,11/5/16,Overall,115
2016,45,11/12/16,Pediatric,77
2016,45,11/12/16,Adult,32
2016,45,11/12/16,Overall,94
2016,46,11/19/16,Pediatric,113
2016,46,11/19/16,Adult,14
2016,46,11/19/16,Overall,125
2016,47,11/26/16,Pediatric,80
2016,47,11/26/16,Adult,24
2016,47,11/26/16,Overall,125
2016,48,12/3/16,Pediatric,75
2016,48,12/3/16,Adult,34
2016,48,12/3/16,Overall,77
2016,49,12/10/16,Pediatric,67
2016,49,12/10/16,Adult,15
2016,49,12/10/16,Overall,90
2016,50,12/17/16,Pediatric,34
2016,50,12/17/16,Adult,18
2016,50,12/17/16,Overall,57
2016,51,12/24/16,Pediatric,29
2016,51,12/24/16,Adult,24
2016,51,12/24/16,Overall,59
2016,52,12/31/16,Pediatric,38
2016,52,12/31/16,Adult,11
2016,52,12/31/16,Overall,55
2017,1,1/7/17,Pediatric,35
2017,1,1/7/17,Adult,17
2017,1,1/7/17,Overall,61
2017,2,1/14/17,Pediatric,52
2017,2,1/14/17,Adult,17
2017,2,1/14/17,Overall,64
2017,3,1/21/17,Pediatric,34
2017,3,1/21/17,Adult,13
2017,3,1/21/17,Overall,56
2017,4,1/28/17,Pediatric,40
2017,4,1/28/17,Adult,21
2017,4,1/28/17,Overall,58
2017,5,2/4/17,Pediatric,42
2017,5,2/4/17,Adult,24
2017,5,2/4/17,Overall,59
2017,6,2/11/17,Pediatric,40
2017,6,2/11/17,Adult,17
2017,6,2/11/17,Overall,59
2017,7,2/18/17,Pediatric,38
2017,7,2/18/17,Adult,12
2017,7,2/18/17,Overall,65
2017,8,2/25/17,Pediatric,23
2017,8,2/25/17,Adult,20
2017,8,2/25/17,Overall,70
2017,9,3/4/17,Pediatric,66
2017,9,3/4/17,Adult,16
2017,9,3/4/17,Overall,47
2017,10,3/11/17,Pediatric,53
2017,10,3/11/17,Adult,23
2017,10,3/11/17,Overall,79
2017,11,3/18/17,Pediatric,78
2017,11,3/18/17,Adult,13
2017,11,3/18/17,Overall,81
2017,12,3/25/17,Pediatric,78
2017,12,3/25/17,Adult,23
2017,12,3/25/17,Overall,101
2017,13,4/1/17,Pediatric,79
2017,13,4/1/17,Adult,29
2017,13,4/1/17,Overall,120
2017,14,4/8/17,Pediatric,145
2017,14,4/8/17,Adult,19
2017,14,4/8/17,Overall,180
2017,15,4/15/17,Pediatric,82
2017,15,4/15/17,Adult,26
2017,15,4/15/17,Overall,105
2017,16,4/22/17,Pediatric,126
2017,16,4/22/17,Adult,25
2017,16,4/22/17,Overall,184
2017,17,4/29/17,Pediatric,134
2017,17,4/29/17,Adult,36
2017,17,4/29/17,Overall,187
2017,18,5/6/17,Pediatric,158
2017,18,5/6/17,Adult,40
2017,18,5/6/17,Overall,204
2017,19,5/13/17,Pediatric,205
2017,19,5/13/17,Adult,23
2017,19,5/13/17,Overall,231
2017,20,5/20/17,Pediatric,132
2017,20,5/20/17,Adult,55
2017,20,5/20/17,Overall,291
2017,21,5/27/17,Pediatric,217
2017,21,5/27/17,Adult,53
2017,21,5/27/17,Overall,205
2017,22,6/3/17,Pediatric,157
2017,22,6/3/17,Adult,60
2017,22,6/3/17,Overall,253
2017,23,6/10/17,Pediatric,253
2017,23,6/10/17,Adult,92
2017,23,6/10/17,Overall,298
2017,24,6/17/17,Pediatric,267
2017,24,6/17/17,Adult,49
2017,24,6/17/17,Overall,314
2017,25,6/24/17,Pediatric,254
2017,25,6/24/17,Adult,86
2017,25,6/24/17,Overall,299
2017,26,7/1/17,Pediatric,204
2017,26,7/1/17,Adult,50
2017,26,7/1/17,Overall,324
2017,27,7/8/17,Pediatric,231
2017,27,7/8/17,Adult,50
2017,27,7/8/17,Overall,332
2017,28,7/15/17,Pediatric,218
2017,28,7/15/17,Adult,73
2017,28,7/15/17,Overall,210
2017,29,7/22/17,Pediatric,119
2017,29,7/22/17,Adult,36
2017,29,7/22/17,Overall,178
2017,30,7/29/17,Pediatric,131
2017,30,7/29/17,Adult,62
2017,30,7/29/17,Overall,131
2017,31,8/5/17,Pediatric,106
2017,31,8/5/17,Adult,43
2017,31,8/5/17,Overall,172
2017,32,8/12/17,Pediatric,128
2017,32,8/12/17,Adult,39
2017,32,8/12/17,Overall,162
2017,33,8/19/17,Pediatric,117
2017,33,8/19/17,Adult,37
2017,33,8/19/17,Overall,162
2017,34,8/26/17,Pediatric,75
2017,34,8/26/17,Adult,26
2017,34,8/26/17,Overall,76
2017,35,9/2/17,Pediatric,118
2017,35,9/2/17,Adult,30
2017,35,9/2/17,Overall,129
2017,36,9/9/17,Pediatric,75
2017,36,9/9/17,Adult,21
2017,36,9/9/17,Overall,130
2017,37,9/16/17,Pediatric,106
2017,37,9/16/17,Adult,33
2017,37,9/16/17,Overall,111
2017,38,9/23/17,Pediatric,80
2017,38,9/23/17,Adult,42
2017,38,9/23/17,Overall,120
2017,39,9/30/17,Pediatric,60
2017,39,9/30/17,Adult,26
2017,39,9/30/17,Overall,87
2017,40,10/7/17,Pediatric,90
2017,40,10/7/17,Adult,10
2017,40,10/7/17,Overall,107
2017,41,10/14/17,Pediatric,109
2017,41,10/14/17,Adult,27
2017,41,10/14/17,Overall,100
2017,42,10/21/17,Pediatric,101
2017,42,10/21/17,Adult,35
2017,42,10/21/17,Overall,129
2017,43,10/28/17,Pediatric,69
2017,43,10/28/17,Adult,15
2017,43,10/28/17,Overall,97
2017,44,11/4/17,Pediatric,116
2017,44,11/4/17,Adult,26
2017,44,11/4/17,Overall,98
2017,45,11/11/17,Pediatric,100
2017,45,11/11/17,Adult,18
2017,45,11/11/17,Overall,127
2017,46,11/18/17,Pediatric,132
2017,46,11/18/17,Adult,11
2017,46,11/18/17,Overall,126
2017,47,11/25/17,Pediatric,61
2017,47,11/25/17,Adult,14
2017,47,11/25/17,Overall,80
2017,48,12/2/17,Pediatric,86
2017,48,12/2/17,Adult,45
2017,48,12/2/17,Overall,118
2017,49,12/9/17,Pediatric,55
2017,49,12/9/17,Adult,19
2017,49,12/9/17,Overall,81
2017,50,12/16/17,Pediatric,65
2017,50,12/16/17,Adult,10
2017,50,12/16/17,Overall,57
2017,51,12/23/17,Pediatric,70
2017,51,12/23/17,Adult,25
2017,51,12/23/17,Overall,63
2017,52,12/30/17,Pediatric,38
2017,52,12/30/17,Adult,18
2017,52,12/30/17,Overall,62
2018,1,1/6/18,Pediatric,46
2018,1,1/6/18,Adult,35
2018,1,1/6/18,Overall,62
2018,2,1/13/18,Pediatric,31
2018,2,1/13/18,Adult,6
2018,2,1/13/18,Overall,35
2018,3,1/20/18,Pediatric,38
2018,3,1/20/18,Adult,32
2018,3,1/20/18,Overall,79
2018,4,1/27/18,Pediatric,25
2018,4,1/27/18,Adult,31
2018,4,1/27/18,Overall,68
2018,5,2/3/18,Pediatric,51
2018,5,2/3/18,Adult,8
2018,5,2/3/18,Overall,48
2018,6,2/10/18,Pediatric,30
2018,6,2/10/18,Adult,26
2018,6,2/10/18,Overall,73
2018,7,2/17/18,Pediatric,23
2018,7,2/17/18,Adult,28
2018,7,2/17/18,Overall,47
2018,8,2/24/18,Pediatric,26
2018,8,2/24/18,Adult,24
2018,8,2/24/18,Overall,53
2018,9,3/3/18,Pediatric,38
2018,9,3/3/18,Adult,36
2018,9,3/3/18,Overall,55
2018,10,3/10/18,Pediatric,62
2018,10,3/10/18,Adult,20
2018,10,3/10/18,Overall,71
2018,11,3/17/18,Pediatric,77
2018,11,3/17/18,Adult,29
2018,11,3/17/18,Overall,100
2018,12,3/24/18,Pediatric,48
2018,12,3/24/18,Adult,24
2018,12,3/24/18,Overall,68
2018,13,3/31/18,Pediatric,72
2018,13,3/31/18,Adult,17
2018,13,3/31/18,Overall,91
2018,14,4/7/18,Pediatric,80
2018,14,4/7/18,Adult,15
2018,14,4/7/18,Overall,90
2018,15,4/14/18,Pediatric,103
2018,15,4/14/18,Adult,33
2018,15,4/14/18,Overall,139
2018,16,4/21/18,Pediatric,80
2018,16,4/21/18,Adult,28
2018,16,4/21/18,Overall,98
2018,17,4/28/18,Pediatric,72
2018,17,4/28/18,Adult,8
2018,17,4/28/18,Overall,106
2018,18,5/5/18,Pediatric,104
2018,18,5/5/18,Adult,21
2018,18,5/5/18,Overall,116
2018,19,5/12/18,Pediatric,140
2018,19,5/12/18,Adult,16
2018,19,5/12/18,Overall,129
2018,20,5/19/18,Pediatric,129
2018,20,5/19/18,Adult,14
2018,20,5/19/18,Overall,137
2018,21,5/26/18,Pediatric,130
2018,21,5/26/18,Adult,27
2018,21,5/26/18,Overall,174
2018,22,6/2/18,Pediatric,155
2018,22,6/2/18,Adult,49
2018,22,6/2/18,Overall,193
2018,23,6/9/18,Pediatric,189
2018,23,6/9/18,Adult,53
2018,23,6/9/18,Overall,219
2018,24,6/16/18,Pediatric,163
2018,24,6/16/18,Adult,50
2018,24,6/16/18,Overall,222
2018,25,6/23/18,Pediatric,235
2018,25,6/23/18,Adult,53
2018,25,6/23/18,Overall,303
2018,26,6/30/18,Pediatric,220
2018,26,6/30/18,Adult,89
2018,26,6/30/18,Overall,253
2018,27,7/7/18,Pediatric,208
2018,27,7/7/18,Adult,43
2018,27,7/7/18,Overall,282
2018,28,7/14/18,Pediatric,165
2018,28,7/14/18,Adult,64
2018,28,7/14/18,Overall,210
2018,29,7/21/18,Pediatric,228
2018,29,7/21/18,Adult,76
2018,29,7/21/18,Overall,345
2018,30,7/28/18,Pediatric,175
2018,30,7/28/18,Adult,63
2018,30,7/28/18,Overall,257
2018,31,8/4/18,Pediatric,184
2018,31,8/4/18,Adult,71
2018,31,8/4/18,Overall,185
2018,32,8/11/18,Pediatric,207
2018,32,8/11/18,Adult,63
2018,32,8/11/18,Overall,257
2018,33,8/18/18,Pediatric,201
2018,33,8/18/18,Adult,104
2018,33,8/18/18,Overall,296
2018,34,8/25/18,Pediatric,196
2018,34,8/25/18,Adult,97
2018,34,8/25/18,Overall,305
2018,35,9/1/18,Pediatric,173
2018,35,9/1/18,Adult,57
2018,35,9/1/18,Overall,235
2018,36,9/8/18,Pediatric,133
2018,36,9/8/18,Adult,59
2018,36,9/8/18,Overall,210
2018,37,9/15/18,Pediatric,163
2018,37,9/15/18,Adult,65
2018,37,9/15/18,Overall,198
2018,38,9/22/18,Pediatric,121
2018,38,9/22/18,Adult,53
2018,38,9/22/18,Overall,142
2018,39,9/29/18,Pediatric,104
2018,39,9/29/18,Adult,36
2018,39,9/29/18,Overall,177
2018,40,10/6/18,Pediatric,104
2018,40,10/6/18,Adult,45
2018,40,10/6/18,Overall,103
2018,41,10/13/18,Pediatric,81
2018,41,10/13/18,Adult,38
2018,41,10/13/18,Overall,113
2018,42,10/20/18,Pediatric,87
2018,42,10/20/18,Adult,37
2018,42,10/20/18,Overall,133
2018,43,10/27/18,Pediatric,122
2018,43,10/27/18,Adult,27
2018,43,10/27/18,Overall,152
2018,44,11/3/18,Pediatric,144
2018,44,11/3/18,Adult,30
2018,44,11/3/18,Overall,124
2018,45,11/10/18,Pediatric,62
2018,45,11/10/18,Adult,15
2018,45,11/10/18,Overall,85
2018,46,11/17/18,Pediatric,84
2018,46,11/17/18,Adult,32
2018,46,11/17/18,Overall,131
2018,47,11/24/18,Pediatric,101
2018,47,11/24/18,Adult,22
2018,47,11/24/18,Overall,118
2018,48,12/1/18,Pediatric,73
2018,48,12/1/18,Adult,42
2018,48,12/1/18,Overall,100
2018,49,12/8/18,Pediatric,64
2018,49,12/8/18,Adult,26
2018,49,12/8/18,Overall,84
2018,50,12/15/18,Pediatric,79
2018,50,12/15/18,Adult,26
2018,50,12/15/18,Overall,97
2018,51,12/22/18,Pediatric,90
2018,51,12/22/18,Adult,17
2018,51,12/22/18,Overall,81
2018,52,12/29/18,Pediatric,60
2018,52,12/29/18,Adult,18
2018,52,12/29/18,Overall,83
2019,1,1/5/19,Pediatric,87
2019,1,1/5/19,Adult,50
2019,1,1/5/19,Overall,114
2019,2,1/12/19,Pediatric,54
2019,2,1/12/19,Adult,22
2019,2,1/12/19,Overall,94
2019,3,1/19/19,Pediatric,48
2019,3,1/19/19,Adult,25
2019,3,1/19/19,Overall,101
2019,4,1/26/19,Pediatric,57
2019,4,1/26/19,Adult,15
2019,4,1/26/19,Overall,81
2019,5,2/2/19,Pediatric,55
2019,5,2/2/19,Adult,19
2019,5,2/2/19,Overall,62
2019,6,2/9/19,Pediatric,45
2019,6,2/9/19,Adult,22
2019,6,2/9/19,Overall,77
2019,7,2/16/19,Pediatric,47
2019,7,2/16/19,Adult,22
2019,7,2/16/19,Overall,89
2019,8,2/23/19,Pediatric,41
2019,8,2/23/19,Adult,24
2019,8,2/23/19,Overall,109
2019,9,3/2/19,Pediatric,78
2019,9,3/2/19,Adult,19
2019,9,3/2/19,Overall,82
2019,10,3/9/19,Pediatric,49
2019,10,3/9/19,Adult,20
2019,10,3/9/19,Overall,94
2019,11,3/16/19,Pediatric,74
2019,11,3/16/19,Adult,25
2019,11,3/16/19,Overall,105
2019,12,3/23/19,Pediatric,93
2019,12,3/23/19,Adult,32
2019,12,3/23/19,Overall,157
2019,13,3/30/19,Pediatric,89
2019,13,3/30/19,Adult,49
2019,13,3/30/19,Overall,126
2019,14,4/6/19,Pediatric,122
2019,14,4/6/19,Adult,27
2019,14,4/6/19,Overall,157
2019,15,4/13/19,Pediatric,120
2019,15,4/13/19,Adult,22
2019,15,4/13/19,Overall,133
2019,16,4/20/19,Pediatric,103
2019,16,4/20/19,Adult,38
2019,16,4/20/19,Overall,154
2019,17,4/27/19,Pediatric,128
2019,17,4/27/19,Adult,28
2019,17,4/27/19,Overall,155
2019,18,5/4/19,Pediatric,124
2019,18,5/4/19,Adult,43
2019,18,5/4/19,Overall,170
2019,19,5/11/19,Pediatric,190
2019,19,5/11/19,Adult,37
2019,19,5/11/19,Overall,204
2019,20,5/18/19,Pediatric,135
2019,20,5/18/19,Adult,46
2019,20,5/18/19,Overall,221
2019,21,5/25/19,Pediatric,211
2019,21,5/25/19,Adult,58
2019,21,5/25/19,Overall,334
2019,22,6/1/19,Pediatric,254
2019,22,6/1/19,Adult,60
2019,22,6/1/19,Overall,373
2019,23,6/8/19,Pediatric,251
2019,23,6/8/19,Adult,84
2019,23,6/8/19,Overall,368
2019,24,6/15/19,Pediatric,243
2019,24,6/15/19,Adult,67
2019,24,6/15/19,Overall,281
2019,25,6/22/19,Pediatric,240
2019,25,6/22/19,Adult,62
2019,25,6/22/19,Overall,297
2019,26,6/29/19,Pediatric,207
2019,26,6/29/19,Adult,59
2019,26,6/29/19,Overall,299
2019,27,7/6/19,Pediatric,186
2019,27,7/6/19,Adult,61
2019,27,7/6/19,Overall,254
2019,28,7/13/19,Pediatric,185
2019,28,7/13/19,Adult,85
2019,28,7/13/19,Overall,251
2019,29,7/20/19,Pediatric,141
2019,29,7/20/19,Adult,47
2019,29,7/20/19,Overall,245
2019,30,7/27/19,Pediatric,98
2019,30,7/27/19,Adult,78
2019,30,7/27/19,Overall,193
2019,31,8/3/19,Pediatric,135
2019,31,8/3/19,Adult,55
2019,31,8/3/19,Overall,156
2019,32,8/10/19,Pediatric,146
2019,32,8/10/19,Adult,61
2019,32,8/10/19,Overall,205
2019,33,8/17/19,Pediatric,148
2019,33,8/17/19,Adult,42
2019,33,8/17/19,Overall,211
2019,34,8/24/19,Pediatric,131
2019,34,8/24/19,Adult,46
2019,34,8/24/19,Overall,230
2019,35,8/31/19,Pediatric,183
2019,35,8/31/19,Adult,74
2019,35,8/31/19,Overall,212
2019,36,9/7/19,Pediatric,176
2019,36,9/7/19,Adult,48
2019,36,9/7/19,Overall,204
2019,37,9/14/19,Pediatric,180
2019,37,9/14/19,Adult,64
2019,37,9/14/19,Overall,222
2019,38,9/21/19,Pediatric,138
2019,38,9/21/19,Adult,47
2019,38,9/21/19,Overall,201
2019,39,9/28/19,Pediatric,164
2019,39,9/28/19,Adult,50
2019,39,9/28/19,Overall,185
2019,40,10/5/19,Pediatric,166
2019,40,10/5/19,Adult,27
2019,40,10/5/19,Overall,180
2019,41,10/12/19,Pediatric,173
2019,41,10/12/19,Adult,22
2019,41,10/12/19,Overall,167
2019,42,10/19/19,Pediatric,147
2019,42,10/19/19,Adult,51
2019,42,10/19/19,Overall,208
2019,43,10/26/19,Pediatric,120
2019,43,10/26/19,Adult,15
2019,43,10/26/19,Overall,205
2019,44,11/2/19,Pediatric,161
2019,44,11/2/19,Adult,34
2019,44,11/2/19,Overall,237
2019,45,11/9/19,Pediatric,102
2019,45,11/9/19,Adult,21
2019,45,11/9/19,Overall,175
2019,46,11/16/19,Pediatric,107
2019,46,11/16/19,Adult,37
2019,46,11/16/19,Overall,144
2019,47,11/23/19,Pediatric,151
2019,47,11/23/19,Adult,24
2019,47,11/23/19,Overall,175
2019,48,11/30/19,Pediatric,133
2019,48,11/30/19,Adult,31
2019,48,11/30/19,Overall,194
2019,49,12/7/19,Pediatric,81
2019,49,12/7/19,Adult,29
2019,49,12/7/19,Overall,114
2019,50,12/14/19,Pediatric,89
2019,50,12/14/19,Adult,37
2019,50,12/14/19,Overall,113
2019,51,12/21/19,Pediatric,67
2019,51,12/21/19,Adult,34
2019,51,12/21/19,Overall,104
2019,52,12/28/19,Pediatric,47
2019,52,12/28/19,Adult,23
2019,52,12/28/19,Overall,64
2020,1,1/4/20,Pediatric,34
2020,1,1/4/20,Adult,22
2020,1,1/4/20,Overall,36
2020,2,1/11/20,Pediatric,75
2020,2,1/11/20,Adult,26
2020,2,1/11/20,Overall,64
2020,3,1/18/20,Pediatric,47
2020,3,1/18/20,Adult,14
2020,3,1/18/20,Overall,57
2020,4,1/25/20,Pediatric,45
2020,4,1/25/20,Adult,17
2020,4,1/25/20,Overall,48
2020,5,2/1/20,Pediatric,41
2020,5,2/1/20,Adult,28
2020,5,2/1/20,Overall,57
2020,6,2/8/20,Pediatric,50
2020,6,2/8/20,Adult,28
2020,6,2/8/20,Overall,65
2020,7,2/15/20,Pediatric,24
2020,7,2/15/20,Adult,26
2020,7,2/15/20,Overall,39
2020,8,2/22/20,Pediatric,30
2020,8,2/22/20,Adult,24
2020,8,2/22/20,Overall,51
2020,9,2/29/20,Pediatric,48
2020,9,2/29/20,Adult,21
2020,9,2/29/20,Overall,62
2020,10,3/7/20,Pediatric,67
2020,10,3/7/20,Adult,31
2020,10,3/7/20,Overall,95
2020,11,3/14/20,Pediatric,87
2020,11,3/14/20,Adult,61
2020,11,3/14/20,Overall,133
2020,12,3/21/20,Pediatric,56
2020,12,3/21/20,Adult,71
2020,12,3/21/20,Overall,137
2020,13,3/28/20,Pediatric,46
2020,13,3/28/20,Adult,69
2020,13,3/28/20,Overall,102
2020,14,4/4/20,Pediatric,27
2020,14,4/4/20,Adult,45
2020,14,4/4/20,Overall,78
2020,15,4/11/20,Pediatric,22
2020,15,4/11/20,Adult,34
2020,15,4/11/20,Overall,83
2020,16,4/18/20,Pediatric,14
2020,16,4/18/20,Adult,66
2020,16,4/18/20,Overall,100
2020,17,4/25/20,Pediatric,23
2020,17,4/25/20,Adult,98
2020,17,4/25/20,Overall,81
2020,18,5/2/20,Pediatric,24
2020,18,5/2/20,Adult,115
2020,18,5/2/20,Overall,121
2020,19,5/9/20,Pediatric,33
2020,19,5/9/20,Adult,135
2020,19,5/9/20,Overall,134
2020,20,5/16/20,Pediatric,31
2020,20,5/16/20,Adult,141
2020,20,5/16/20,Overall,144
2020,21,5/23/20,Pediatric,38
2020,21,5/23/20,Adult,187
2020,21,5/23/20,Overall,244
2020,22,5/30/20,Pediatric,33
2020,22,5/30/20,Adult,141
2020,22,5/30/20,Overall,179
2020,23,6/6/20,Pediatric,64
2020,23,6/6/20,Adult,221
2020,23,6/6/20,Overall,228
2020,24,6/13/20,Pediatric,66
2020,24,6/13/20,Adult,159
2020,24,6/13/20,Overall,286
2020,25,6/20/20,Pediatric,63
2020,25,6/20/20,Adult,149
2020,25,6/20/20,Overall,226
2020,26,6/27/20,Pediatric,92
2020,26,6/27/20,Adult,151
2020,26,6/27/20,Overall,221
2020,27,7/4/20,Pediatric,57
2020,27,7/4/20,Adult,140
2020,27,7/4/20,Overall,194
2020,28,7/11/20,Pediatric,56
2020,28,7/11/20,Adult,184
2020,28,7/11/20,Overall,186
2020,29,7/18/20,Pediatric,60
2020,29,7/18/20,Adult,234
2020,29,7/18/20,Overall,249
2020,30,7/25/20,Pediatric,75
2020,30,7/25/20,Adult,224
2020,30,7/25/20,Overall,327
2020,31,8/1/20,Pediatric,75
2020,31,8/1/20,Adult,298
2020,31,8/1/20,Overall,451
2020,32,8/8/20,Pediatric,67
2020,32,8/8/20,Adult,272
2020,32,8/8/20,Overall,521
2020,33,8/15/20,Pediatric,68
2020,33,8/15/20,Adult,259
2020,33,8/15/20,Overall,404
2020,34,8/22/20,Pediatric,62
2020,34,8/22/20,Adult,411
2020,34,8/22/20,Overall,335
2020,35,8/29/20,Pediatric,46
2020,35,8/29/20,Adult,408
2020,35,8/29/20,Overall,440
2020,36,9/5/20,Pediatric,49
2020,36,9/5/20,Adult,420
2020,36,9/5/20,Overall,453
2020,37,9/12/20,Pediatric,57
2020,37,9/12/20,Adult,416
2020,37,9/12/20,Overall,487
2020,38,9/19/20,Pediatric,40
2020,38,9/19/20,Adult,429
2020,38,9/19/20,Overall,411
2020,39,9/26/20,Pediatric,31
2020,39,9/26/20,Adult,488
2020,39,9/26/20,Overall,524
2020,40,10/3/20,Pediatric,43
2020,40,10/3/20,Adult,388
2020,40,10/3/20,Overall,439
2020,41,10/10/20,Pediatric,63
2020,41,10/10/20,Adult,378
2020,41,10/10/20,Overall,452
2020,42,10/17/20,Pediatric,21
2020,42,10/17/20,Adult,371
2020,42,10/17/20,Overall,313
2020,43,10/24/20,Pediatric,45
2020,43,10/24/20,Adult,381
2020,43,10/24/20,Overall,451
2020,44,10/31/20,Pediatric,59
2020,44,10/31/20,Adult,268
2020,44,10/31/20,Overall,376
2020,45,11/7/20,Pediatric,52
2020,45,11/7/20,Adult,302
2020,45,11/7/20,Overall,432
2020,46,11/14/20,Pediatric,67
2020,46,11/14/20,Adult,346
2020,46,11/14/20,Overall,412
2020,47,11/21/20,Pediatric,61
2020,47,11/21/20,Adult,343
2020,47,11/21/20,Overall,371
2020,48,11/28/20,Pediatric,66
2020,48,11/28/20,Adult,383
2020,48,11/28/20,Overall,365
2020,49,12/5/20,Pediatric,52
2020,49,12/5/20,Adult,369
2020,49,12/5/20,Overall,516
2020,50,12/12/20,Pediatric,44
2020,50,12/12/20,Adult,328
2020,50,12/12/20,Overall,370
2020,51,12/19/20,Pediatric,52
2020,51,12/19/20,Adult,255
2020,51,12/19/20,Overall,384
2020,52,12/26/20,Pediatric,46
2020,52,12/26/20,Adult,276
2020,52,12/26/20,Overall,405
2020,53,1/2/21,Pediatric,64
2020,53,1/2/21,Adult,282
2020,53,1/2/21,Overall,300
2021,1,1/9/21,Pediatric,90
2021,1,1/9/21,Adult,337
2021,1,1/9/21,Overall,506
2021,2,1/16/21,Pediatric,84
2021,2,1/16/21,Adult,423
2021,2,1/16/21,Overall,398
2021,3,1/23/21,Pediatric,70
2021,3,1/23/21,Adult,518
2021,3,1/23/21,Overall,467
2021,4,1/30/21,Pediatric,42
2021,4,1/30/21,Adult,342
2021,4,1/30/21,Overall,373
2021,5,2/6/21,Pediatric,59
2021,5,2/6/21,Adult,343
2021,5,2/6/21,Overall,385
2021,6,2/13/21,Pediatric,50
2021,6,2/13/21,Adult,450
2021,6,2/13/21,Overall,415
2021,7,2/20/21,Pediatric,45
2021,7,2/20/21,Adult,386
2021,7,2/20/21,Overall,566
2021,8,2/27/21,Pediatric,75
2021,8,2/27/21,Adult,522
2021,8,2/27/21,Overall,521
2021,9,3/6/21,Pediatric,61
2021,9,3/6/21,Adult,482
2021,9,3/6/21,Overall,469
2021,10,3/13/21,Pediatric,64
2021,10,3/13/21,Adult,609
2021,10,3/13/21,Overall,624
2021,11,3/20/21,Pediatric,72
2021,11,3/20/21,Adult,766
2021,11,3/20/21,Overall,579
2021,12,3/27/21,Pediatric,44
2021,12,3/27/21,Adult,712
2021,12,3/27/21,Overall,769
2021,13,4/3/21,Pediatric,47
2021,13,4/3/21,Adult,886
2021,13,4/3/21,Overall,861
2021,14,4/10/21,Pediatric,78
2021,14,4/10/21,Adult,923
2021,14,4/10/21,Overall,978
2021,15,4/17/21,Pediatric,91
2021,15,4/17/21,Adult,709
2021,15,4/17/21,Overall,833
2021,16,4/24/21,Pediatric,67
2021,16,4/24/21,Adult,714
2021,16,4/24/21,Overall,662
2021,17,5/1/21,Pediatric,83
2021,17,5/1/21,Adult,949
2021,17,5/1/21,Overall,949
2021,18,5/8/21,Pediatric,103
2021,18,5/8/21,Adult,771
2021,18,5/8/21,Overall,956
2021,19,5/15/21,Pediatric,101
2021,19,5/15/21,Adult,602
2021,19,5/15/21,Overall,855
2021,20,5/22/21,Pediatric,136
2021,20,5/22/21,Adult,821
2021,20,5/22/21,Overall,1101
2021,21,5/29/21,Pediatric,163
2021,21,5/29/21,Adult,906
2021,21,5/29/21,Overall,1263
2021,22,6/5/21,Pediatric,113
2021,22,6/5/21,Adult,840
2021,22,6/5/21,Overall,1225
2021,23,6/12/21,Pediatric,169
2021,23,6/12/21,Adult,948
2021,23,6/12/21,Overall,1233
2021,24,6/19/21,Pediatric,117
2021,24,6/19/21,Adult,782
2021,24,6/19/21,Overall,809
2021,25,6/26/21,Pediatric,179
2021,25,6/26/21,Adult,743
2021,25,6/26/21,Overall,967
2021,26,7/3/21,Pediatric,125
2021,26,7/3/21,Adult,671
2021,26,7/3/21,Overall,720
2021,27,7/10/21,Pediatric,189
2021,27,7/10/21,Adult,533
2021,27,7/10/21,Overall,757
2021,28,7/17/21,Pediatric,227
2021,28,7/17/21,Adult,583
2021,28,7/17/21,Overall,899
2021,29,7/24/21,Pediatric,170
2021,29,7/24/21,Adult,443
2021,29,7/24/21,Overall,541
2021,30,7/31/21,Pediatric,152
2021,30,7/31/21,Adult,379
2021,30,7/31/21,Overall,476
2021,31,8/7/21,Pediatric,129
2021,31,8/7/21,Adult,308
2021,31,8/7/21,Overall,433
2021,32,8/14/21,Pediatric,126
2021,32,8/14/21,Adult,217
2021,32,8/14/21,Overall,369
2021,33,8/21/21,Pediatric,149
2021,33,8/21/21,Adult,265
2021,33,8/21/21,Overall,360
2021,34,8/28/21,Pediatric,98
2021,34,8/28/21,Adult,164
2021,34,8/28/21,Overall,322
2021,35,9/4/21,Pediatric,152
2021,35,9/4/21,Adult,169
2021,35,9/4/21,Overall,347
2021,36,9/11/21,Pediatric,121
2021,36,9/11/21,Adult,128
2021,36,9/11/21,Overall,298
2021,37,9/18/21,Pediatric,121
2021,37,9/18/21,Adult,130
2021,37,9/18/21,Overall,264
2021,38,9/25/21,Pediatric,89
2021,38,9/25/21,Adult,130
2021,38,9/25/21,Overall,229
2021,39,10/2/21,Pediatric,159
2021,39,10/2/21,Adult,98
2021,39,10/2/21,Overall,273
2021,40,10/9/21,Pediatric,116
2021,40,10/9/21,Adult,157
2021,40,10/9/21,Overall,195
2021,41,10/16/21,Pediatric,100
2021,41,10/16/21,Adult,168
2021,41,10/16/21,Overall,251
2021,42,10/23/21,Pediatric,93
2021,42,10/23/21,Adult,137
2021,42,10/23/21,Overall,231
2021,43,10/30/21,Pediatric,126
2021,43,10/30/21,Adult,141
2021,43,10/30/21,Overall,306
2021,44,11/6/21,Pediatric,104
2021,44,11/6/21,Adult,170
2021,44,11/6/21,Overall,291
2021,45,11/13/21,Pediatric,109
2021,45,11/13/21,Adult,158
2021,45,11/13/21,Overall,275
2021,46,11/20/21,Pediatric,110
2021,46,11/20/21,Adult,172
2021,46,11/20/21,Overall,266
2021,47,11/27/21,Pediatric,112
2021,47,11/27/21,Adult,168
2021,47,11/27/21,Overall,268
2021,48,12/4/21,Pediatric,105
2021,48,12/4/21,Adult,190
2021,48,12/4/21,Overall,274
2021,49,12/11/21,Pediatric,73
2021,49,12/11/21,Adult,147
2021,49,12/11/21,Overall,229
2021,50,12/18/21,Pediatric,85
2021,50,12/18/21,Adult,146
2021,50,12/18/21,Overall,287
2021,51,12/25/21,Pediatric,80
2021,51,12/25/21,Adult,180
2021,51,12/25/21,Overall,279
2021,52,1/1/22,Pediatric,81
2021,52,1/1/22,Adult,175
2021,52,1/1/22,Overall,305
2021,53,1/8/22,Pediatric,6
2022,1,1/8/22,Pediatric,122
2021,53,1/8/22,Adult,133
2022,1,1/8/22,Adult,421
2021,53,1/8/22,Overall,109
2022,1,1/8/22,Overall,471
2022,2,1/15/22,Pediatric,150
2022,2,1/15/22,Adult,550
2022,2,1/15/22,Overall,700
2022,3,1/22/22,Pediatric,147
2022,3,1/22/22,Adult,576
2022,3,1/22/22,Overall,738
2022,4,1/29/22,Pediatric,66
2022,4,1/29/22,Adult,538
2022,4,1/29/22,Overall,551
2022,5,2/5/22,Pediatric,91
2022,5,2/5/22,Adult,511
2022,5,2/5/22,Overall,638
2022,6,2/12/22,Pediatric,67
2022,6,2/12/22,Adult,321
2022,6,2/12/22,Overall,305
2022,7,2/19/22,Pediatric,40
2022,7,2/19/22,Adult,200
2022,7,2/19/22,Overall,215
2022,8,2/26/22,Pediatric,46
2022,8,2/26/22,Adult,272
2022,8,2/26/22,Overall,321
2022,9,3/5/22,Pediatric,36
2022,9,3/5/22,Adult,177
2022,9,3/5/22,Overall,182
2022,10,3/12/22,Pediatric,85
2022,10,3/12/22,Adult,116
2022,10,3/12/22,Overall,236
2022,11,3/19/22,Pediatric,97
2022,11,3/19/22,Adult,101
2022,11,3/19/22,Overall,283
2022,12,3/26/22,Pediatric,123
2022,12,3/26/22,Adult,155
2022,12,3/26/22,Overall,308
2022,13,4/2/22,Pediatric,137
2022,13,4/2/22,Adult,108
2022,13,4/2/22,Overall,220
2022,14,4/9/22,Pediatric,135
2022,14,4/9/22,Adult,104
2022,14,4/9/22,Overall,262
2022,15,4/16/22,Pediatric,113
2022,15,4/16/22,Adult,103
2022,15,4/16/22,Overall,166
2022,16,4/23/22,Pediatric,132
2022,16,4/23/22,Adult,149
2022,16,4/23/22,Overall,336
2022,17,4/30/22,Pediatric,181
2022,17,4/30/22,Adult,128
2022,17,4/30/22,Overall,305
2022,18,5/7/22,Pediatric,151
2022,18,5/7/22,Adult,142
2022,18,5/7/22,Overall,296
2022,19,5/14/22,Pediatric,261
2022,19,5/14/22,Adult,112
2022,19,5/14/22,Overall,464
2022,20,5/21/22,Pediatric,270
2022,20,5/21/22,Adult,171
2022,20,5/21/22,Overall,455
2022,21,5/28/22,Pediatric,395
2022,21,5/28/22,Adult,231
2022,21,5/28/22,Overall,569
2022,22,6/4/22,Pediatric,329
2022,22,6/4/22,Adult,212
2022,22,6/4/22,Overall,511
2022,23,6/11/22,Pediatric,345
2022,23,6/11/22,Adult,307
2022,23,6/11/22,Overall,675
2022,24,6/18/22,Pediatric,317
2022,24,6/18/22,Adult,277
2022,24,6/18/22,Overall,569
2022,25,6/25/22,Pediatric,264
2022,25,6/25/22,Adult,378
2022,25,6/25/22,Overall,577
2022,26,7/2/22,Pediatric,308
2022,26,7/2/22,Adult,369
2022,26,7/2/22,Overall,664
2022,27,7/9/22,Pediatric,239
2022,27,7/9/22,Adult,285
2022,27,7/9/22,Overall,550
2022,28,7/16/22,Pediatric,220
2022,28,7/16/22,Adult,223
2022,28,7/16/22,Overall,560
2022,29,7/23/22,Pediatric,194
2022,29,7/23/22,Adult,287
2022,29,7/23/22,Overall,376
2022,30,7/30/22,Pediatric,127
2022,30,7/30/22,Adult,214
2022,30,7/30/22,Overall,361
2022,31,8/6/22,Pediatric,188
2022,31,8/6/22,Adult,211
2022,31,8/6/22,Overall,353
2022,32,8/13/22,Pediatric,184
2022,32,8/13/22,Adult,132
2022,32,8/13/22,Overall,366
2022,33,8/20/22,Pediatric,131
2022,33,8/20/22,Adult,147
2022,33,8/20/22,Overall,235
2022,34,8/27/22,Pediatric,143
2022,34,8/27/22,Adult,176
2022,34,8/27/22,Overall,262
2022,35,9/3/22,Pediatric,160
2022,35,9/3/22,Adult,142
2022,35,9/3/22,Overall,343
2022,36,9/10/22,Pediatric,210
2022,36,9/10/22,Adult,157
2022,36,9/10/22,Overall,348
2022,37,9/17/22,Pediatric,122
2022,37,9/17/22,Adult,114
2022,37,9/17/22,Overall,245
2022,38,9/24/22,Pediatric,115
2022,38,9/24/22,Adult,131
2022,38,9/24/22,Overall,281
2022,39,10/1/22,Pediatric,145
2022,39,10/1/22,Adult,116
2022,39,10/1/22,Overall,246
2022,40,10/8/22,Pediatric,146
2022,40,10/8/22,Adult,176
2022,40,10/8/22,Overall,291
2022,41,10/15/22,Pediatric,146
2022,41,10/15/22,Adult,93
2022,41,10/15/22,Overall,284
2022,42,10/22/22,Pediatric,128
2022,42,10/22/22,Adult,123
2022,42,10/22/22,Overall,278
2022,43,10/29/22,Pediatric,128
2022,43,10/29/22,Adult,105
2022,43,10/29/22,Overall,257
2022,44,11/5/22,Pediatric,109
2022,44,11/5/22,Adult,119
2022,44,11/5/22,Overall,206
2022,45,11/12/22,Pediatric,158
2022,45,11/12/22,Adult,91
2022,45,11/12/22,Overall,253
2022,46,11/19/22,Pediatric,188
2022,46,11/19/22,Adult,130
2022,46,11/19/22,Overall,240
2022,47,11/26/22,Pediatric,124
2022,47,11/26/22,Adult,159
2022,47,11/26/22,Overall,313
2022,48,12/3/22,Pediatric,165
2022,48,12/3/22,Adult,170
2022,48,12/3/22,Overall,402
2022,49,12/10/22,Pediatric,113
2022,49,12/10/22,Adult,177
2022,49,12/10/22,Overall,309
2022,50,12/17/22,Pediatric,105
2022,50,12/17/22,Adult,136
2022,50,12/17/22,Overall,232
2022,51,12/24/22,Pediatric,98
2022,51,12/24/22,Adult,158
2022,51,12/24/22,Overall,201
2022,52,12/31/22,Pediatric,90
2022,52,12/31/22,Adult,139
2022,52,12/31/22,Overall,279
2023,1,1/7/23,Pediatric,88
2023,1,1/7/23,Adult,176
2023,1,1/7/23,Overall,176
2023,2,1/14/23,Pediatric,84
2023,2,1/14/23,Adult,150
2023,2,1/14/23,Overall,263
2023,3,1/21/23,Pediatric,59
2023,3,1/21/23,Adult,101
2023,3,1/21/23,Overall,209
2023,4,1/28/23,Pediatric,73
2023,4,1/28/23,Adult,107
2023,4,1/28/23,Overall,164
2023,5,2/4/23,Pediatric,54
2023,5,2/4/23,Adult,80
2023,5,2/4/23,Overall,148
2023,6,2/11/23,Pediatric,50
2023,6,2/11/23,Adult,105
2023,6,2/11/23,Overall,142
2023,7,2/18/23,Pediatric,27
2023,7,2/18/23,Adult,81
2023,7,2/18/23,Overall,138
2023,8,2/25/23,Pediatric,72
2023,8,2/25/23,Adult,89
2023,8,2/25/23,Overall,175
2023,9,3/4/23,Pediatric,85
2023,9,3/4/23,Adult,85
2023,9,3/4/23,Overall,152
2023,10,3/11/23,Pediatric,121
2023,10,3/11/23,Adult,101
2023,10,3/11/23,Overall,265
2023,11,3/18/23,Pediatric,107
2023,11,3/18/23,Adult,117
2023,11,3/18/23,Overall,199
2023,12,3/25/23,Pediatric,156
2023,12,3/25/23,Adult,103
2023,12,3/25/23,Overall,253
2023,13,4/1/23,Pediatric,138
2023,13,4/1/23,Adult,117
2023,13,4/1/23,Overall,215
2023,14,4/8/23,Pediatric,125
2023,14,4/8/23,Adult,82
2023,14,4/8/23,Overall,178
2023,15,4/15/23,Pediatric,167
2023,15,4/15/23,Adult,135
2023,15,4/15/23,Overall,289
2023,16,4/22/23,Pediatric,172
2023,16,4/22/23,Adult,127
2023,16,4/22/23,Overall,295
2023,17,4/29/23,Pediatric,193
2023,17,4/29/23,Adult,130
2023,17,4/29/23,Overall,360
2023,18,5/6/23,Pediatric,189
2023,18,5/6/23,Adult,132
2023,18,5/6/23,Overall,311
2023,19,5/13/23,Pediatric,217
2023,19,5/13/23,Adult,116
2023,19,5/13/23,Overall,365
2023,20,5/20/23,Pediatric,248
2023,20,5/20/23,Adult,135
2023,20,5/20/23,Overall,319
2023,21,5/27/23,Pediatric,304
2023,21,5/27/23,Adult,191
2023,21,5/27/23,Overall,481
2023,22,6/3/23,Pediatric,292
2023,22,6/3/23,Adult,144
2023,22,6/3/23,Overall,454
2023,23,6/10/23,Pediatric,381
2023,23,6/10/23,Adult,182
2023,23,6/10/23,Overall,574
2023,24,6/17/23,Pediatric,301
2023,24,6/17/23,Adult,112
2023,24,6/17/23,Overall,375
2023,25,6/24/23,Pediatric,321
2023,25,6/24/23,Adult,163
2023,25,6/24/23,Overall,370
2023,26,7/1/23,Pediatric,428
2023,26,7/1/23,Adult,150
2023,26,7/1/23,Overall,471
2023,27,7/8/23,Pediatric,306
2023,27,7/8/23,Adult,135
2023,27,7/8/23,Overall,407
2023,28,7/15/23,Pediatric,264
2023,28,7/15/23,Adult,137
2023,28,7/15/23,Overall,348
2023,29,7/22/23,Pediatric,226
2023,29,7/22/23,Adult,133
2023,29,7/22/23,Overall,343
2023,30,7/29/23,Pediatric,213
2023,30,7/29/23,Adult,126
2023,30,7/29/23,Overall,367
2023,31,8/5/23,Pediatric,249
2023,31,8/5/23,Adult,133
2023,31,8/5/23,Overall,348
2023,32,8/12/23,Pediatric,150
2023,32,8/12/23,Adult,147
2023,32,8/12/23,Overall,328
2023,33,8/19/23,Pediatric,146
2023,33,8/19/23,Adult,78
2023,33,8/19/23,Overall,309
2023,34,8/26/23,Pediatric,231
2023,34,8/26/23,Adult,90
2023,34,8/26/23,Overall,322
2023,35,9/2/23,Pediatric,184
2023,35,9/2/23,Adult,136
2023,35,9/2/23,Overall,288
2023,36,9/9/23,Pediatric,175
2023,36,9/9/23,Adult,102
2023,36,9/9/23,Overall,305
2023,37,9/16/23,Pediatric,178
2023,37,9/16/23,Adult,106
2023,37,9/16/23,Overall,364
2023,38,9/23/23,Pediatric,184
2023,38,9/23/23,Adult,147
2023,38,9/23/23,Overall,328
2023,39,9/30/23,Pediatric,141
2023,39,9/30/23,Adult,147
2023,39,9/30/23,Overall,298
2023,40,10/7/23,Pediatric,215
2023,40,10/7/23,Adult,128
2023,40,10/7/23,Overall,342
2023,41,10/14/23,Pediatric,233
2023,41,10/14/23,Adult,118
2023,41,10/14/23,Overall,288
2023,42,10/21/23,Pediatric,229
2023,42,10/21/23,Adult,132
2023,42,10/21/23,Overall,311
2023,43,10/28/23,Pediatric,146
2023,43,10/28/23,Adult,130
2023,43,10/28/23,Overall,281
2023,44,11/4/23,Pediatric,172
2023,44,11/4/23,Adult,99
2023,44,11/4/23,Overall,242
2023,45,11/11/23,Pediatric,134
2023,45,11/11/23,Adult,127
2023,45,11/11/23,Overall,339
2023,46,11/18/23,Pediatric,127
2023,46,11/18/23,Adult,105
2023,46,11/18/23,Overall,310
2023,47,11/25/23,Pediatric,147
2023,47,11/25/23,Adult,145
2023,47,11/25/23,Overall,266
2023,48,12/2/23,Pediatric,149
2023,48,12/2/23,Adult,105
2023,48,12/2/23,Overall,220
2023,49,12/9/23,Pediatric,95
2023,49,12/9/23,Adult,94
2023,49,12/9/23,Overall,227
2023,50,12/16/23,Pediatric,62
2023,50,12/16/23,Adult,88
2023,50,12/16/23,Overall,181
2023,51,12/23/23,Pediatric,50
2023,51,12/23/23,Adult,115
2023,51,12/23/23,Overall,161
2023,52,12/30/23,Pediatric,54
2023,52,12/30/23,Adult,88
2023,52,12/30/23,Overall,139
2024,1,1/6/24,Pediatric,25
2024,1,1/6/24,Adult,116
2024,1,1/6/24,Overall,138
2024,2,1/13/24,Pediatric,67
2024,2,1/13/24,Adult,116
2024,2,1/13/24,Overall,195
2024,3,1/20/24,Pediatric,69
2024,3,1/20/24,Adult,110
2024,3,1/20/24,Overall,154
2024,4,1/27/24,Pediatric,44
2024,4,1/27/24,Adult,95
2024,4,1/27/24,Overall,170
2024,5,2/3/24,Pediatric,44
2024,5,2/3/24,Adult,79
2024,5,2/3/24,Overall,112
2024,6,2/10/24,Pediatric,33
2024,6,2/10/24,Adult,106
2024,6,2/10/24,Overall,129
2024,7,2/17/24,Pediatric,37
2024,7,2/17/24,Adult,74
2024,7,2/17/24,Overall,188
2024,8,2/24/24,Pediatric,53
2024,8,2/24/24,Adult,79
2024,8,2/24/24,Overall,123
2024,9,3/2/24,Pediatric,44
2024,9,3/2/24,Adult,93
2024,9,3/2/24,Overall,151
2024,10,3/9/24,Pediatric,56
2024,10,3/9/24,Adult,82
2024,10,3/9/24,Overall,150
2024,11,3/16/24,Pediatric,75
2024,11,3/16/24,Adult,79
2024,11,3/16/24,Overall,167
2024,12,3/23/24,Pediatric,87
2024,12,3/23/24,Adult,77
2024,12,3/23/24,Overall,222
2024,13,3/30/24,Pediatric,72
2024,13,3/30/24,Adult,68
2024,13,3/30/24,Overall,138
2024,14,4/6/24,Pediatric,77
2024,14,4/6/24,Adult,94
2024,14,4/6/24,Overall,182
2024,15,4/13/24,Pediatric,83
2024,15,4/13/24,Adult,112
2024,15,4/13/24,Overall,156
2024,16,4/20/24,Pediatric,134
2024,16,4/20/24,Adult,109
2024,16,4/20/24,Overall,216
2024,17,4/27/24,Pediatric,153
2024,17,4/27/24,Adult,116
2024,17,4/27/24,Overall,209
2024,18,5/4/24,Pediatric,114
2024,18,5/4/24,Adult,78
2024,18,5/4/24,Overall,212
2024,19,5/11/24,Pediatric,120
2024,19,5/11/24,Adult,125
2024,19,5/11/24,Overall,244
2024,20,5/18/24,Pediatric,81
2024,20,5/18/24,Adult,113
2024,20,5/18/24,Overall,152
2024,21,5/25/24,Pediatric,164
2024,21,5/25/24,Adult,169
2024,21,5/25/24,Overall,398
2024,22,6/1/24,Pediatric,186
2024,22,6/1/24,Adult,226
2024,22,6/1/24,Overall,409
2024,23,6/8/24,Pediatric,223
2024,23,6/8/24,Adult,220
2024,23,6/8/24,Overall,387
2024,24,6/15/24,Pediatric,213
2024,24,6/15/24,Adult,199
2024,24,6/15/24,Overall,451
2024,25,6/22/24,Pediatric,282
2024,25,6/22/24,Adult,151
2024,25,6/22/24,Overall,361
2024,26,6/29/24,Pediatric,151
2024,26,6/29/24,Adult,152
2024,26,6/29/24,Overall,298
2024,27,7/6/24,Pediatric,255
2024,27,7/6/24,Adult,158
2024,27,7/6/24,Overall,570
2024,28,7/13/24,Pediatric,179
2024,28,7/13/24,Adult,162
2024,28,7/13/24,Overall,378
2024,29,7/20/24,Pediatric,257
2024,29,7/20/24,Adult,165
2024,29,7/20/24,Overall,363
2024,30,7/27/24,Pediatric,212
2024,30,7/27/24,Adult,151
2024,30,7/27/24,Overall,389
2024,31,8/3/24,Pediatric,182
2024,31,8/3/24,Adult,175
2024,31,8/3/24,Overall,456
2024,32,8/10/24,Pediatric,270
2024,32,8/10/24,Adult,161
2024,32,8/10/24,Overall,431
2024,33,8/17/24,Pediatric,195
2024,33,8/17/24,Adult,144
2024,33,8/17/24,Overall,324
2024,34,8/24/24,Pediatric,229
2024,34,8/24/24,Adult,160
2024,34,8/24/24,Overall,412
2024,35,8/31/24,Pediatric,234
2024,35,8/31/24,Adult,148
2024,35,8/31/24,Overall,366
2024,36,9/7/24,Pediatric,222
2024,36,9/7/24,Adult,172
2024,36,9/7/24,Overall,441
2024,37,9/14/24,Pediatric,221
2024,37,9/14/24,Adult,145
2024,37,9/14/24,Overall,388