date,retrospective_group,target_group,value,population
01/01/2022,CountryA,Pediatric,193,1100000
01/01/2022,CountryA,Adult,191,3900000
01/01/2022,CountryA,Overall,384,5e+06
01/08/2022,CountryA,Pediatric,151,1100000
01/08/2022,CountryA,Adult,228,3900000
01/08/2022,CountryA,Overall,379,5e+06
01/15/2022,CountryA,Pediatric,238,1100000
01/15/2022,CountryA,Adult,238,3900000
01/15/2022,CountryA,Overall,476,5e+06
01/22/2022,CountryA,Pediatric,209,1100000
01/22/2022,CountryA,Adult,210,3900000
01/22/2022,CountryA,Overall,419,5e+06
01/29/2022,CountryA,Pediatric,122,1100000
01/29/2022,CountryA,Adult,216,3900000
01/29/2022,CountryA,Overall,338,5e+06
02/05/2022,CountryA,Pediatric,141,1100000
02/05/2022,CountryA,Adult,196,3900000
02/05/2022,CountryA,Overall,337,5e+06
02/12/2022,CountryA,Pediatric,171,1100000
02/12/2022,CountryA,Adult,177,3900000
02/12/2022,CountryA,Overall,348,5e+06
02/19/2022,CountryA,Pediatric,189,1100000
02/19/2022,CountryA,Adult,228,3900000
02/19/2022,CountryA,Overall,417,5e+06
02/26/2022,CountryA,Pediatric,182,1100000
02/26/2022,CountryA,Adult,252,3900000
02/26/2022,CountryA,Overall,434,5e+06
03/05/2022,CountryA,Pediatric,172,1100000
03/05/2022,CountryA,Adult,198,3900000
03/05/2022,CountryA,Overall,370,5e+06
03/12/2022,CountryA,Pediatric,174,1100000
03/12/2022,CountryA,Adult,226,3900000
03/12/2022,CountryA,Overall,400,5e+06
03/19/2022,CountryA,Pediatric,177,1100000
03/19/2022,CountryA,Adult,248,3900000
03/19/2022,CountryA,Overall,425,5e+06
03/26/2022,CountryA,Pediatric,201,1100000
03/26/2022,CountryA,Adult,191,3900000
03/26/2022,CountryA,Overall,392,5e+06
04/02/2022,CountryA,Pediatric,195,1100000
04/02/2022,CountryA,Adult,259,3900000
04/02/2022,CountryA,Overall,454,5e+06
04/09/2022,CountryA,Pediatric,172,1100000
04/09/2022,CountryA,Adult,276,3900000
04/09/2022,CountryA,Overall,448,5e+06
04/16/2022,CountryA,Pediatric,155,1100000
04/16/2022,CountryA,Adult,343,3900000
04/16/2022,CountryA,Overall,498,5e+06
04/23/2022,CountryA,Pediatric,179,1100000
04/23/2022,CountryA,Adult,319,3900000
04/23/2022,CountryA,Overall,498,5e+06
04/30/2022,CountryA,Pediatric,213,1100000
04/30/2022,CountryA,Adult,445,3900000
04/30/2022,CountryA,Overall,658,5e+06
05/07/2022,CountryA,Pediatric,239,1100000
05/07/2022,CountryA,Adult,489,3900000
05/07/2022,CountryA,Overall,728,5e+06
05/14/2022,CountryA,Pediatric,366,1100000
05/14/2022,CountryA,Adult,605,3900000
05/14/2022,CountryA,Overall,971,5e+06
05/21/2022,CountryA,Pediatric,465,1100000
05/21/2022,CountryA,Adult,530,3900000
05/21/2022,CountryA,Overall,995,5e+06
05/28/2022,CountryA,Pediatric,532,1100000
05/28/2022,CountryA,Adult,851,3900000
05/28/2022,CountryA,Overall,1383,5e+06
06/04/2022,CountryA,Pediatric,708,1100000
06/04/2022,CountryA,Adult,1170,3900000
06/04/2022,CountryA,Overall,1878,5e+06
06/11/2022,CountryA,Pediatric,906,1100000
06/11/2022,CountryA,Adult,1044,3900000
06/11/2022,CountryA,Overall,1950,5e+06
06/18/2022,CountryA,Pediatric,1142,1100000
06/18/2022,CountryA,Adult,1441,3900000
06/18/2022,CountryA,Overall,2583,5e+06
06/25/2022,CountryA,Pediatric,1307,1100000
06/25/2022,CountryA,Adult,1479,3900000
06/25/2022,CountryA,Overall,2786,5e+06
07/02/2022,CountryA,Pediatric,1373,1100000
07/02/2022,CountryA,Adult,1655,3900000
07/02/2022,CountryA,Overall,3028,5e+06
07/09/2022,CountryA,Pediatric,1268,1100000
07/09/2022,CountryA,Adult,2187,3900000
07/09/2022,CountryA,Overall,3455,5e+06
07/16/2022,CountryA,Pediatric,909,1100000
07/16/2022,CountryA,Adult,1833,3900000
07/16/2022,CountryA,Overall,2742,5e+06
07/23/2022,CountryA,Pediatric,988,1100000
07/23/2022,CountryA,Adult,1747,3900000
07/23/2022,CountryA,Overall,2735,5e+06
07/30/2022,CountryA,Pediatric,938,1100000
07/30/2022,CountryA,Adult,1870,3900000
07/30/2022,CountryA,Overall,2808,5e+06
08/06/2022,CountryA,Pediatric,625,1100000
08/06/2022,CountryA,Adult,1520,3900000
08/06/2022,CountryA,Overall,2145,5e+06
08/13/2022,CountryA,Pediatric,531,1100000
08/13/2022,CountryA,Adult,1317,3900000
08/13/2022,CountryA,Overall,1848,5e+06
08/20/2022,CountryA,Pediatric,343,1100000
08/20/2022,CountryA,Adult,1230,3900000
08/20/2022,CountryA,Overall,1573,5e+06
08/27/2022,CountryA,Pediatric,313,1100000
08/27/2022,CountryA,Adult,931,3900000
08/27/2022,CountryA,Overall,1244,5e+06
09/03/2022,CountryA,Pediatric,266,1100000
09/03/2022,CountryA,Adult,852,3900000
09/03/2022,CountryA,Overall,1118,5e+06
09/10/2022,CountryA,Pediatric,198,1100000
09/10/2022,CountryA,Adult,748,3900000
09/10/2022,CountryA,Overall,946,5e+06
09/17/2022,CountryA,Pediatric,200,1100000
09/17/2022,CountryA,Adult,653,3900000
09/17/2022,CountryA,Overall,853,5e+06
09/24/2022,CountryA,Pediatric,189,1100000
09/24/2022,CountryA,Adult,560,3900000
09/24/2022,CountryA,Overall,749,5e+06
10/01/2022,CountryA,Pediatric,175,1100000
10/01/2022,CountryA,Adult,358,3900000
10/01/2022,CountryA,Overall,533,5e+06
10/08/2022,CountryA,Pediatric,186,1100000
10/08/2022,CountryA,Adult,335,3900000
10/08/2022,CountryA,Overall,521,5e+06
10/15/2022,CountryA,Pediatric,171,1100000
10/15/2022,CountryA,Adult,311,3900000
10/15/2022,CountryA,Overall,482,5e+06
10/22/2022,CountryA,Pediatric,173,1100000
10/22/2022,CountryA,Adult,280,3900000
10/22/2022,CountryA,Overall,453,5e+06
10/29/2022,CountryA,Pediatric,184,1100000
10/29/2022,CountryA,Adult,237,3900000
10/29/2022,CountryA,Overall,421,5e+06
11/05/2022,CountryA,Pediatric,182,1100000
11/05/2022,CountryA,Adult,234,3900000
11/05/2022,CountryA,Overall,416,5e+06
11/12/2022,CountryA,Pediatric,154,1100000
11/12/2022,CountryA,Adult,232,3900000
11/12/2022,CountryA,Overall,386,5e+06
11/19/2022,CountryA,Pediatric,164,1100000
11/19/2022,CountryA,Adult,244,3900000
11/19/2022,CountryA,Overall,408,5e+06
11/26/2022,CountryA,Pediatric,168,1100000
11/26/2022,CountryA,Adult,218,3900000
11/26/2022,CountryA,Overall,386,5e+06
12/03/2022,CountryA,Pediatric,172,1100000
12/03/2022,CountryA,Adult,210,3900000
12/03/2022,CountryA,Overall,382,5e+06
12/10/2022,CountryA,Pediatric,165,1100000
12/10/2022,CountryA,Adult,218,3900000
12/10/2022,CountryA,Overall,383,5e+06
12/17/2022,CountryA,Pediatric,182,1100000
12/17/2022,CountryA,Adult,225,3900000
12/17/2022,CountryA,Overall,407,5e+06
12/24/2022,CountryA,Pediatric,169,1100000
12/24/2022,CountryA,Adult,219,3900000
12/24/2022,CountryA,Overall,388,5e+06
12/31/2022,CountryA,Pediatric,188,1100000
12/31/2022,CountryA,Adult,209,3900000
12/31/2022,CountryA,Overall,397,5e+06
01/07/2023,CountryA,Pediatric,193,1100000
01/07/2023,CountryA,Adult,228,3900000
01/07/2023,CountryA,Overall,421,5e+06
01/14/2023,CountryA,Pediatric,134,1100000
01/14/2023,CountryA,Adult,206,3900000
01/14/2023,CountryA,Overall,340,5e+06
01/21/2023,CountryA,Pediatric,215,1100000
01/21/2023,CountryA,Adult,195,3900000
01/21/2023,CountryA,Overall,410,5e+06
01/28/2023,CountryA,Pediatric,188,1100000
01/28/2023,CountryA,Adult,221,3900000
01/28/2023,CountryA,Overall,409,5e+06
02/04/2023,CountryA,Pediatric,192,1100000
02/04/2023,CountryA,Adult,191,3900000
02/04/2023,CountryA,Overall,383,5e+06
02/11/2023,CountryA,Pediatric,157,1100000
02/11/2023,CountryA,Adult,223,3900000
02/11/2023,CountryA,Overall,380,5e+06
02/18/2023,CountryA,Pediatric,145,1100000
02/18/2023,CountryA,Adult,193,3900000
02/18/2023,CountryA,Overall,338,5e+06
02/25/2023,CountryA,Pediatric,206,1100000
02/25/2023,CountryA,Adult,242,3900000
02/25/2023,CountryA,Overall,448,5e+06
03/04/2023,CountryA,Pediatric,182,1100000
03/04/2023,CountryA,Adult,224,3900000
03/04/2023,CountryA,Overall,406,5e+06
03/11/2023,CountryA,Pediatric,172,1100000
03/11/2023,CountryA,Adult,216,3900000
03/11/2023,CountryA,Overall,388,5e+06
03/18/2023,CountryA,Pediatric,203,1100000
03/18/2023,CountryA,Adult,229,3900000
03/18/2023,CountryA,Overall,432,5e+06
03/25/2023,CountryA,Pediatric,159,1100000
03/25/2023,CountryA,Adult,239,3900000
03/25/2023,CountryA,Overall,398,5e+06
04/01/2023,CountryA,Pediatric,175,1100000
04/01/2023,CountryA,Adult,236,3900000
04/01/2023,CountryA,Overall,411,5e+06
04/08/2023,CountryA,Pediatric,177,1100000
04/08/2023,CountryA,Adult,241,3900000
04/08/2023,CountryA,Overall,418,5e+06
04/15/2023,CountryA,Pediatric,193,1100000
04/15/2023,CountryA,Adult,249,3900000
04/15/2023,CountryA,Overall,442,5e+06
04/22/2023,CountryA,Pediatric,147,1100000
04/22/2023,CountryA,Adult,192,3900000
04/22/2023,CountryA,Overall,339,5e+06
04/29/2023,CountryA,Pediatric,214,1100000
04/29/2023,CountryA,Adult,266,3900000
04/29/2023,CountryA,Overall,480,5e+06
05/06/2023,CountryA,Pediatric,224,1100000
05/06/2023,CountryA,Adult,338,3900000
05/06/2023,CountryA,Overall,562,5e+06
05/13/2023,CountryA,Pediatric,273,1100000
05/13/2023,CountryA,Adult,436,3900000
05/13/2023,CountryA,Overall,709,5e+06
05/20/2023,CountryA,Pediatric,373,1100000
05/20/2023,CountryA,Adult,369,3900000
05/20/2023,CountryA,Overall,742,5e+06
05/27/2023,CountryA,Pediatric,420,1100000
05/27/2023,CountryA,Adult,602,3900000
05/27/2023,CountryA,Overall,1022,5e+06
06/03/2023,CountryA,Pediatric,622,1100000
06/03/2023,CountryA,Adult,530,3900000
06/03/2023,CountryA,Overall,1152,5e+06
06/10/2023,CountryA,Pediatric,633,1100000
06/10/2023,CountryA,Adult,781,3900000
06/10/2023,CountryA,Overall,1414,5e+06
06/17/2023,CountryA,Pediatric,854,1100000
06/17/2023,CountryA,Adult,807,3900000
06/17/2023,CountryA,Overall,1661,5e+06
06/24/2023,CountryA,Pediatric,1142,1100000
06/24/2023,CountryA,Adult,859,3900000
06/24/2023,CountryA,Overall,2001,5e+06
07/01/2023,CountryA,Pediatric,1149,1100000
07/01/2023,CountryA,Adult,1300,3900000
07/01/2023,CountryA,Overall,2449,5e+06
07/08/2023,CountryA,Pediatric,914,1100000
07/08/2023,CountryA,Adult,1480,3900000
07/08/2023,CountryA,Overall,2394,5e+06
07/15/2023,CountryA,Pediatric,931,1100000
07/15/2023,CountryA,Adult,1327,3900000
07/15/2023,CountryA,Overall,2258,5e+06
07/22/2023,CountryA,Pediatric,1051,1100000
07/22/2023,CountryA,Adult,1468,3900000
07/22/2023,CountryA,Overall,2519,5e+06
07/29/2023,CountryA,Pediatric,890,1100000
07/29/2023,CountryA,Adult,1764,3900000
07/29/2023,CountryA,Overall,2654,5e+06
08/05/2023,CountryA,Pediatric,582,1100000
08/05/2023,CountryA,Adult,1649,3900000
08/05/2023,CountryA,Overall,2231,5e+06
08/12/2023,CountryA,Pediatric,478,1100000
08/12/2023,CountryA,Adult,1587,3900000
08/12/2023,CountryA,Overall,2065,5e+06
08/19/2023,CountryA,Pediatric,442,1100000
08/19/2023,CountryA,Adult,1123,3900000
08/19/2023,CountryA,Overall,1565,5e+06
08/26/2023,CountryA,Pediatric,286,1100000
08/26/2023,CountryA,Adult,1011,3900000
08/26/2023,CountryA,Overall,1297,5e+06
09/02/2023,CountryA,Pediatric,254,1100000
09/02/2023,CountryA,Adult,1093,3900000
09/02/2023,CountryA,Overall,1347,5e+06
09/09/2023,CountryA,Pediatric,198,1100000
09/09/2023,CountryA,Adult,910,3900000
09/09/2023,CountryA,Overall,1108,5e+06
09/16/2023,CountryA,Pediatric,205,1100000
09/16/2023,CountryA,Adult,746,3900000
09/16/2023,CountryA,Overall,951,5e+06
09/23/2023,CountryA,Pediatric,228,1100000
09/23/2023,CountryA,Adult,731,3900000
09/23/2023,CountryA,Overall,959,5e+06
09/30/2023,CountryA,Pediatric,202,1100000
09/30/2023,CountryA,Adult,475,3900000
09/30/2023,CountryA,Overall,677,5e+06
10/07/2023,CountryA,Pediatric,187,1100000
10/07/2023,CountryA,Adult,434,3900000
10/07/2023,CountryA,Overall,621,5e+06
10/14/2023,CountryA,Pediatric,216,1100000
10/14/2023,CountryA,Adult,347,3900000
10/14/2023,CountryA,Overall,563,5e+06
10/21/2023,CountryA,Pediatric,178,1100000
10/21/2023,CountryA,Adult,248,3900000
10/21/2023,CountryA,Overall,426,5e+06
10/28/2023,CountryA,Pediatric,151,1100000
10/28/2023,CountryA,Adult,282,3900000
10/28/2023,CountryA,Overall,433,5e+06
11/04/2023,CountryA,Pediatric,205,1100000
11/04/2023,CountryA,Adult,211,3900000
11/04/2023,CountryA,Overall,416,5e+06
11/11/2023,CountryA,Pediatric,175,1100000
11/11/2023,CountryA,Adult,190,3900000
11/11/2023,CountryA,Overall,365,5e+06
11/18/2023,CountryA,Pediatric,199,1100000
11/18/2023,CountryA,Adult,240,3900000
11/18/2023,CountryA,Overall,439,5e+06
11/25/2023,CountryA,Pediatric,206,1100000
11/25/2023,CountryA,Adult,222,3900000
11/25/2023,CountryA,Overall,428,5e+06
12/02/2023,CountryA,Pediatric,161,1100000
12/02/2023,CountryA,Adult,210,3900000
12/02/2023,CountryA,Overall,371,5e+06
12/09/2023,CountryA,Pediatric,170,1100000
12/09/2023,CountryA,Adult,224,3900000
12/09/2023,CountryA,Overall,394,5e+06
12/16/2023,CountryA,Pediatric,160,1100000
12/16/2023,CountryA,Adult,211,3900000
12/16/2023,CountryA,Overall,371,5e+06
12/23/2023,CountryA,Pediatric,221,1100000
12/23/2023,CountryA,Adult,144,3900000
12/23/2023,CountryA,Overall,365,5e+06
12/30/2023,CountryA,Pediatric,162,1100000
12/30/2023,CountryA,Adult,246,3900000
12/30/2023,CountryA,Overall,408,5e+06
01/06/2024,CountryA,Pediatric,205,1100000
01/06/2024,CountryA,Adult,159,3900000
01/06/2024,CountryA,Overall,364,5e+06
01/13/2024,CountryA,Pediatric,202,1100000
01/13/2024,CountryA,Adult,166,3900000
01/13/2024,CountryA,Overall,368,5e+06
01/20/2024,CountryA,Pediatric,211,1100000
01/20/2024,CountryA,Adult,257,3900000
01/20/2024,CountryA,Overall,468,5e+06
01/27/2024,CountryA,Pediatric,192,1100000
01/27/2024,CountryA,Adult,211,3900000
01/27/2024,CountryA,Overall,403,5e+06
02/03/2024,CountryA,Pediatric,201,1100000
02/03/2024,CountryA,Adult,212,3900000
02/03/2024,CountryA,Overall,413,5e+06
02/10/2024,CountryA,Pediatric,177,1100000
02/10/2024,CountryA,Adult,218,3900000
02/10/2024,CountryA,Overall,395,5e+06
02/17/2024,CountryA,Pediatric,168,1100000
02/17/2024,CountryA,Adult,209,3900000
02/17/2024,CountryA,Overall,377,5e+06
02/24/2024,CountryA,Pediatric,108,1100000
02/24/2024,CountryA,Adult,245,3900000
02/24/2024,CountryA,Overall,353,5e+06
03/02/2024,CountryA,Pediatric,169,1100000
03/02/2024,CountryA,Adult,224,3900000
03/02/2024,CountryA,Overall,393,5e+06
03/09/2024,CountryA,Pediatric,184,1100000
03/09/2024,CountryA,Adult,235,3900000
03/09/2024,CountryA,Overall,419,5e+06
03/16/2024,CountryA,Pediatric,180,1100000
03/16/2024,CountryA,Adult,258,3900000
03/16/2024,CountryA,Overall,438,5e+06
03/23/2024,CountryA,Pediatric,133,1100000
03/23/2024,CountryA,Adult,262,3900000
03/23/2024,CountryA,Overall,395,5e+06
03/30/2024,CountryA,Pediatric,171,1100000
03/30/2024,CountryA,Adult,224,3900000
03/30/2024,CountryA,Overall,395,5e+06
04/06/2024,CountryA,Pediatric,154,1100000
04/06/2024,CountryA,Adult,217,3900000
04/06/2024,CountryA,Overall,371,5e+06
04/13/2024,CountryA,Pediatric,181,1100000
04/13/2024,CountryA,Adult,271,3900000
04/13/2024,CountryA,Overall,452,5e+06
04/20/2024,CountryA,Pediatric,171,1100000
04/20/2024,CountryA,Adult,314,3900000
04/20/2024,CountryA,Overall,485,5e+06
04/27/2024,CountryA,Pediatric,204,1100000
04/27/2024,CountryA,Adult,324,3900000
04/27/2024,CountryA,Overall,528,5e+06
05/04/2024,CountryA,Pediatric,246,1100000
05/04/2024,CountryA,Adult,264,3900000
05/04/2024,CountryA,Overall,510,5e+06
05/11/2024,CountryA,Pediatric,243,1100000
05/11/2024,CountryA,Adult,496,3900000
05/11/2024,CountryA,Overall,739,5e+06
05/18/2024,CountryA,Pediatric,355,1100000
05/18/2024,CountryA,Adult,515,3900000
05/18/2024,CountryA,Overall,870,5e+06
05/25/2024,CountryA,Pediatric,466,1100000
05/25/2024,CountryA,Adult,580,3900000
05/25/2024,CountryA,Overall,1046,5e+06
06/01/2024,CountryA,Pediatric,542,1100000
06/01/2024,CountryA,Adult,816,3900000
06/01/2024,CountryA,Overall,1358,5e+06
06/08/2024,CountryA,Pediatric,685,1100000
06/08/2024,CountryA,Adult,939,3900000
06/08/2024,CountryA,Overall,1624,5e+06
06/15/2024,CountryA,Pediatric,859,1100000
06/15/2024,CountryA,Adult,1009,3900000
06/15/2024,CountryA,Overall,1868,5e+06
06/22/2024,CountryA,Pediatric,1184,1100000
06/22/2024,CountryA,Adult,1084,3900000
06/22/2024,CountryA,Overall,2268,5e+06
06/29/2024,CountryA,Pediatric,1402,1100000
06/29/2024,CountryA,Adult,1115,3900000
06/29/2024,CountryA,Overall,2517,5e+06
07/06/2024,CountryA,Pediatric,1130,1100000
07/06/2024,CountryA,Adult,1204,3900000
07/06/2024,CountryA,Overall,2334,5e+06
07/13/2024,CountryA,Pediatric,1133,1100000
07/13/2024,CountryA,Adult,1548,3900000
07/13/2024,CountryA,Overall,2681,5e+06
07/20/2024,CountryA,Pediatric,1160,1100000
07/20/2024,CountryA,Adult,1438,3900000
07/20/2024,CountryA,Overall,2598,5e+06
07/27/2024,CountryA,Pediatric,861,1100000
07/27/2024,CountryA,Adult,1707,3900000
07/27/2024,CountryA,Overall,2568,5e+06
08/03/2024,CountryA,Pediatric,675,1100000
08/03/2024,CountryA,Adult,1347,3900000
08/03/2024,CountryA,Overall,2022,5e+06
08/10/2024,CountryA,Pediatric,643,1100000
08/10/2024,CountryA,Adult,1345,3900000
08/10/2024,CountryA,Overall,1988,5e+06
08/17/2024,CountryA,Pediatric,411,1100000
08/17/2024,CountryA,Adult,1019,3900000
08/17/2024,CountryA,Overall,1430,5e+06
08/24/2024,CountryA,Pediatric,346,1100000
08/24/2024,CountryA,Adult,787,3900000
08/24/2024,CountryA,Overall,1133,5e+06
08/31/2024,CountryA,Pediatric,236,1100000
08/31/2024,CountryA,Adult,751,3900000
08/31/2024,CountryA,Overall,987,5e+06
09/07/2024,CountryA,Pediatric,210,1100000
09/07/2024,CountryA,Adult,876,3900000
09/07/2024,CountryA,Overall,1086,5e+06
09/14/2024,CountryA,Pediatric,194,1100000
09/14/2024,CountryA,Adult,611,3900000
09/14/2024,CountryA,Overall,805,5e+06
09/21/2024,CountryA,Pediatric,181,1100000
09/21/2024,CountryA,Adult,478,3900000
09/21/2024,CountryA,Overall,659,5e+06
09/28/2024,CountryA,Pediatric,166,1100000
09/28/2024,CountryA,Adult,563,3900000
09/28/2024,CountryA,Overall,729,5e+06
10/05/2024,CountryA,Pediatric,242,1100000
10/05/2024,CountryA,Adult,327,3900000
10/05/2024,CountryA,Overall,569,5e+06
10/12/2024,CountryA,Pediatric,204,1100000
10/12/2024,CountryA,Adult,260,3900000
10/12/2024,CountryA,Overall,464,5e+06
10/19/2024,CountryA,Pediatric,186,1100000
10/19/2024,CountryA,Adult,274,3900000
10/19/2024,CountryA,Overall,460,5e+06
10/26/2024,CountryA,Pediatric,162,1100000
10/26/2024,CountryA,Adult,231,3900000
10/26/2024,CountryA,Overall,393,5e+06
11/02/2024,CountryA,Pediatric,187,1100000
11/02/2024,CountryA,Adult,267,3900000
11/02/2024,CountryA,Overall,454,5e+06
11/09/2024,CountryA,Pediatric,189,1100000
11/09/2024,CountryA,Adult,279,3900000
11/09/2024,CountryA,Overall,468,5e+06
11/16/2024,CountryA,Pediatric,162,1100000
11/16/2024,CountryA,Adult,219,3900000
11/16/2024,CountryA,Overall,381,5e+06
11/23/2024,CountryA,Pediatric,180,1100000
11/23/2024,CountryA,Adult,207,3900000
11/23/2024,CountryA,Overall,387,5e+06
11/30/2024,CountryA,Pediatric,181,1100000
11/30/2024,CountryA,Adult,224,3900000
11/30/2024,CountryA,Overall,405,5e+06
12/07/2024,CountryA,Pediatric,177,1100000
12/07/2024,CountryA,Adult,189,3900000
12/07/2024,CountryA,Overall,366,5e+06
12/14/2024,CountryA,Pediatric,175,1100000
12/14/2024,CountryA,Adult,227,3900000
12/14/2024,CountryA,Overall,402,5e+06
12/21/2024,CountryA,Pediatric,183,1100000
12/21/2024,CountryA,Adult,180,3900000
12/21/2024,CountryA,Overall,363,5e+06
12/28/2024,CountryA,Pediatric,190,1100000
12/28/2024,CountryA,Adult,225,3900000
12/28/2024,CountryA,Overall,415,5e+06
01/04/2025,CountryA,Pediatric,171,1100000
01/04/2025,CountryA,Adult,237,3900000
01/04/2025,CountryA,Overall,408,5e+06
01/11/2025,CountryA,Pediatric,173,1100000
01/11/2025,CountryA,Adult,220,3900000
01/11/2025,CountryA,Overall,393,5e+06
01/18/2025,CountryA,Pediatric,180,1100000
01/18/2025,CountryA,Adult,190,3900000
01/18/2025,CountryA,Overall,370,5e+06
01/25/2025,CountryA,Pediatric,212,1100000
01/25/2025,CountryA,Adult,185,3900000
01/25/2025,CountryA,Overall,397,5e+06
02/01/2025,CountryA,Pediatric,209,1100000
02/01/2025,CountryA,Adult,169,3900000
02/01/2025,CountryA,Overall,378,5e+06
02/08/2025,CountryA,Pediatric,187,1100000
02/08/2025,CountryA,Adult,211,3900000
02/08/2025,CountryA,Overall,398,5e+06
02/15/2025,CountryA,Pediatric,179,1100000
02/15/2025,CountryA,Adult,253,3900000
02/15/2025,CountryA,Overall,432,5e+06
02/22/2025,CountryA,Pediatric,152,1100000
02/22/2025,CountryA,Adult,192,3900000
02/22/2025,CountryA,Overall,344,5e+06
03/01/2025,CountryA,Pediatric,214,1100000
03/01/2025,CountryA,Adult,240,3900000
03/01/2025,CountryA,Overall,454,5e+06
03/08/2025,CountryA,Pediatric,224,1100000
03/08/2025,CountryA,Adult,286,3900000
03/08/2025,CountryA,Overall,510,5e+06
03/15/2025,CountryA,Pediatric,191,1100000
03/15/2025,CountryA,Adult,217,3900000
03/15/2025,CountryA,Overall,408,5e+06
03/22/2025,CountryA,Pediatric,192,1100000
03/22/2025,CountryA,Adult,224,3900000
03/22/2025,CountryA,Overall,416,5e+06
03/29/2025,CountryA,Pediatric,185,1100000
03/29/2025,CountryA,Adult,219,3900000
03/29/2025,CountryA,Overall,404,5e+06
04/05/2025,CountryA,Pediatric,200,1100000
04/05/2025,CountryA,Adult,171,3900000
04/05/2025,CountryA,Overall,371,5e+06
04/12/2025,CountryA,Pediatric,189,1100000
04/12/2025,CountryA,Adult,324,3900000
04/12/2025,CountryA,Overall,513,5e+06
04/19/2025,CountryA,Pediatric,197,1100000
04/19/2025,CountryA,Adult,324,3900000
04/19/2025,CountryA,Overall,521,5e+06
04/26/2025,CountryA,Pediatric,204,1100000
04/26/2025,CountryA,Adult,453,3900000
04/26/2025,CountryA,Overall,657,5e+06
05/03/2025,CountryA,Pediatric,232,1100000
05/03/2025,CountryA,Adult,566,3900000
05/03/2025,CountryA,Overall,798,5e+06
05/10/2025,CountryA,Pediatric,284,1100000
05/10/2025,CountryA,Adult,650,3900000
05/10/2025,CountryA,Overall,934,5e+06
05/17/2025,CountryA,Pediatric,399,1100000
05/17/2025,CountryA,Adult,807,3900000
05/17/2025,CountryA,Overall,1206,5e+06
05/24/2025,CountryA,Pediatric,669,1100000
05/24/2025,CountryA,Adult,1092,3900000
05/24/2025,CountryA,Overall,1761,5e+06
05/31/2025,CountryA,Pediatric,951,1100000
05/31/2025,CountryA,Adult,1458,3900000
05/31/2025,CountryA,Overall,2409,5e+06
06/07/2025,CountryA,Pediatric,1235,1100000
06/07/2025,CountryA,Adult,1478,3900000
06/07/2025,CountryA,Overall,2713,5e+06
06/14/2025,CountryA,Pediatric,1593,1100000
06/14/2025,CountryA,Adult,1922,3900000
06/14/2025,CountryA,Overall,3515,5e+06
06/21/2025,CountryA,Pediatric,2013,1100000
06/21/2025,CountryA,Adult,1824,3900000
06/21/2025,CountryA,Overall,3837,5e+06
06/28/2025,CountryA,Pediatric,2246,1100000
06/28/2025,CountryA,Adult,2464,3900000
06/28/2025,CountryA,Overall,4710,5e+06
07/05/2025,CountryA,Pediatric,1801,1100000
07/05/2025,CountryA,Adult,2065,3900000
07/05/2025,CountryA,Overall,3866,5e+06
07/12/2025,CountryA,Pediatric,2304,1100000
07/12/2025,CountryA,Adult,1973,3900000
07/12/2025,CountryA,Overall,4277,5e+06
07/19/2025,CountryA,Pediatric,1969,1100000
07/19/2025,CountryA,Adult,2025,3900000
07/19/2025,CountryA,Overall,3994,5e+06
07/26/2025,CountryA,Pediatric,1990,1100000
07/26/2025,CountryA,Adult,2749,3900000
07/26/2025,CountryA,Overall,4739,5e+06
08/02/2025,CountryA,Pediatric,1196,1100000
08/02/2025,CountryA,Adult,1931,3900000
08/02/2025,CountryA,Overall,3127,5e+06
08/09/2025,CountryA,Pediatric,809,1100000
08/09/2025,CountryA,Adult,1898,3900000
08/09/2025,CountryA,Overall,2707,5e+06
08/16/2025,CountryA,Pediatric,792,1100000
08/16/2025,CountryA,Adult,1676,3900000
08/16/2025,CountryA,Overall,2468,5e+06
08/23/2025,CountryA,Pediatric,478,1100000
08/23/2025,CountryA,Adult,1208,3900000
08/23/2025,CountryA,Overall,1686,5e+06
08/30/2025,CountryA,Pediatric,430,1100000
08/30/2025,CountryA,Adult,1090,3900000
08/30/2025,CountryA,Overall,1520,5e+06
09/06/2025,CountryA,Pediatric,241,1100000
09/06/2025,CountryA,Adult,816,3900000
09/06/2025,CountryA,Overall,1057,5e+06
09/13/2025,CountryA,Pediatric,235,1100000
09/13/2025,CountryA,Adult,833,3900000
09/13/2025,CountryA,Overall,1068,5e+06
09/20/2025,CountryA,Pediatric,211,1100000
09/20/2025,CountryA,Adult,488,3900000
09/20/2025,CountryA,Overall,699,5e+06
09/27/2025,CountryA,Pediatric,175,1100000
09/27/2025,CountryA,Adult,439,3900000
09/27/2025,CountryA,Overall,614,5e+06
10/04/2025,CountryA,Pediatric,233,1100000
10/04/2025,CountryA,Adult,413,3900000
10/04/2025,CountryA,Overall,646,5e+06
10/11/2025,CountryA,Pediatric,195,1100000
10/11/2025,CountryA,Adult,311,3900000
10/11/2025,CountryA,Overall,506,5e+06
10/18/2025,CountryA,Pediatric,217,1100000
10/18/2025,CountryA,Adult,281,3900000
10/18/2025,CountryA,Overall,498,5e+06
10/25/2025,CountryA,Pediatric,186,1100000
10/25/2025,CountryA,Adult,236,3900000
10/25/2025,CountryA,Overall,422,5e+06
11/01/2025,CountryA,Pediatric,198,1100000
11/01/2025,CountryA,Adult,197,3900000
11/01/2025,CountryA,Overall,395,5e+06
11/08/2025,CountryA,Pediatric,192,1100000
11/08/2025,CountryA,Adult,250,3900000
11/08/2025,CountryA,Overall,442,5e+06
11/15/2025,CountryA,Pediatric,170,1100000
11/15/2025,CountryA,Adult,162,3900000
11/15/2025,CountryA,Overall,332,5e+06
11/22/2025,CountryA,Pediatric,194,1100000
11/22/2025,CountryA,Adult,263,3900000
11/22/2025,CountryA,Overall,457,5e+06
11/29/2025,CountryA,Pediatric,210,1100000
11/29/2025,CountryA,Adult,150,3900000
11/29/2025,CountryA,Overall,360,5e+06
12/06/2025,CountryA,Pediatric,170,1100000
12/06/2025,CountryA,Adult,209,3900000
12/06/2025,CountryA,Overall,379,5e+06
12/13/2025,CountryA,Pediatric,166,1100000
12/13/2025,CountryA,Adult,207,3900000
12/13/2025,CountryA,Overall,373,5e+06
12/20/2025,CountryA,Pediatric,150,1100000
12/20/2025,CountryA,Adult,246,3900000
12/20/2025,CountryA,Overall,396,5e+06
12/27/2025,CountryA,Pediatric,156,1100000
12/27/2025,CountryA,Adult,228,3900000
12/27/2025,CountryA,Overall,384,5e+06
01/01/2022,CountryB,Pediatric,330,1920000
01/01/2022,CountryB,Adult,431,6080000
01/01/2022,CountryB,Overall,761,8e+06
01/08/2022,CountryB,Pediatric,284,1920000
01/08/2022,CountryB,Adult,568,6080000
01/08/2022,CountryB,Overall,852,8e+06
01/15/2022,CountryB,Pediatric,281,1920000
01/15/2022,CountryB,Adult,553,6080000
01/15/2022,CountryB,Overall,834,8e+06
01/22/2022,CountryB,Pediatric,294,1920000
01/22/2022,CountryB,Adult,645,6080000
01/22/2022,CountryB,Overall,939,8e+06
01/29/2022,CountryB,Pediatric,401,1920000
01/29/2022,CountryB,Adult,567,6080000
01/29/2022,CountryB,Overall,968,8e+06
02/05/2022,CountryB,Pediatric,347,1920000
02/05/2022,CountryB,Adult,741,6080000
02/05/2022,CountryB,Overall,1088,8e+06
02/12/2022,CountryB,Pediatric,398,1920000
02/12/2022,CountryB,Adult,903,6080000
02/12/2022,CountryB,Overall,1301,8e+06
02/19/2022,CountryB,Pediatric,513,1920000
02/19/2022,CountryB,Adult,931,6080000
02/19/2022,CountryB,Overall,1444,8e+06
02/26/2022,CountryB,Pediatric,458,1920000
02/26/2022,CountryB,Adult,830,6080000
02/26/2022,CountryB,Overall,1288,8e+06
03/05/2022,CountryB,Pediatric,683,1920000
03/05/2022,CountryB,Adult,1032,6080000
03/05/2022,CountryB,Overall,1715,8e+06
03/12/2022,CountryB,Pediatric,711,1920000
03/12/2022,CountryB,Adult,1262,6080000
03/12/2022,CountryB,Overall,1973,8e+06
03/19/2022,CountryB,Pediatric,776,1920000
03/19/2022,CountryB,Adult,1247,6080000
03/19/2022,CountryB,Overall,2023,8e+06
03/26/2022,CountryB,Pediatric,1103,1920000
03/26/2022,CountryB,Adult,1637,6080000
03/26/2022,CountryB,Overall,2740,8e+06
04/02/2022,CountryB,Pediatric,1106,1920000
04/02/2022,CountryB,Adult,1697,6080000
04/02/2022,CountryB,Overall,2803,8e+06
04/09/2022,CountryB,Pediatric,1288,1920000
04/09/2022,CountryB,Adult,2055,6080000
04/09/2022,CountryB,Overall,3343,8e+06
04/16/2022,CountryB,Pediatric,1307,1920000
04/16/2022,CountryB,Adult,1885,6080000
04/16/2022,CountryB,Overall,3192,8e+06
04/23/2022,CountryB,Pediatric,1309,1920000
04/23/2022,CountryB,Adult,1948,6080000
04/23/2022,CountryB,Overall,3257,8e+06
04/30/2022,CountryB,Pediatric,2103,1920000
04/30/2022,CountryB,Adult,2393,6080000
04/30/2022,CountryB,Overall,4496,8e+06
05/07/2022,CountryB,Pediatric,1461,1920000
05/07/2022,CountryB,Adult,2345,6080000
05/07/2022,CountryB,Overall,3806,8e+06
05/14/2022,CountryB,Pediatric,1483,1920000
05/14/2022,CountryB,Adult,2479,6080000
05/14/2022,CountryB,Overall,3962,8e+06
05/21/2022,CountryB,Pediatric,1659,1920000
05/21/2022,CountryB,Adult,2255,6080000
05/21/2022,CountryB,Overall,3914,8e+06
05/28/2022,CountryB,Pediatric,1838,1920000
05/28/2022,CountryB,Adult,2364,6080000
05/28/2022,CountryB,Overall,4202,8e+06
06/04/2022,CountryB,Pediatric,1946,1920000
06/04/2022,CountryB,Adult,2764,6080000
06/04/2022,CountryB,Overall,4710,8e+06
06/11/2022,CountryB,Pediatric,1304,1920000
06/11/2022,CountryB,Adult,2566,6080000
06/11/2022,CountryB,Overall,3870,8e+06
06/18/2022,CountryB,Pediatric,1552,1920000
06/18/2022,CountryB,Adult,2379,6080000
06/18/2022,CountryB,Overall,3931,8e+06
06/25/2022,CountryB,Pediatric,1083,1920000
06/25/2022,CountryB,Adult,2554,6080000
06/25/2022,CountryB,Overall,3637,8e+06
07/02/2022,CountryB,Pediatric,1109,1920000
07/02/2022,CountryB,Adult,2111,6080000
07/02/2022,CountryB,Overall,3220,8e+06
07/09/2022,CountryB,Pediatric,1138,1920000
07/09/2022,CountryB,Adult,2216,6080000
07/09/2022,CountryB,Overall,3354,8e+06
07/16/2022,CountryB,Pediatric,1045,1920000
07/16/2022,CountryB,Adult,1909,6080000
07/16/2022,CountryB,Overall,2954,8e+06
07/23/2022,CountryB,Pediatric,772,1920000
07/23/2022,CountryB,Adult,1584,6080000
07/23/2022,CountryB,Overall,2356,8e+06
07/30/2022,CountryB,Pediatric,747,1920000
07/30/2022,CountryB,Adult,1915,6080000
07/30/2022,CountryB,Overall,2662,8e+06
08/06/2022,CountryB,Pediatric,675,1920000
08/06/2022,CountryB,Adult,1521,6080000
08/06/2022,CountryB,Overall,2196,8e+06
08/13/2022,CountryB,Pediatric,500,1920000
08/13/2022,CountryB,Adult,1215,6080000
08/13/2022,CountryB,Overall,1715,8e+06
08/20/2022,CountryB,Pediatric,428,1920000
08/20/2022,CountryB,Adult,1530,6080000
08/20/2022,CountryB,Overall,1958,8e+06
08/27/2022,CountryB,Pediatric,364,1920000
08/27/2022,CountryB,Adult,1137,6080000
08/27/2022,CountryB,Overall,1501,8e+06
09/03/2022,CountryB,Pediatric,360,1920000
09/03/2022,CountryB,Adult,904,6080000
09/03/2022,CountryB,Overall,1264,8e+06
09/10/2022,CountryB,Pediatric,294,1920000
09/10/2022,CountryB,Adult,712,6080000
09/10/2022,CountryB,Overall,1006,8e+06
09/17/2022,CountryB,Pediatric,318,1920000
09/17/2022,CountryB,Adult,886,6080000
09/17/2022,CountryB,Overall,1204,8e+06
09/24/2022,CountryB,Pediatric,326,1920000
09/24/2022,CountryB,Adult,742,6080000
09/24/2022,CountryB,Overall,1068,8e+06
10/01/2022,CountryB,Pediatric,225,1920000
10/01/2022,CountryB,Adult,557,6080000
10/01/2022,CountryB,Overall,782,8e+06
10/08/2022,CountryB,Pediatric,338,1920000
10/08/2022,CountryB,Adult,524,6080000
10/08/2022,CountryB,Overall,862,8e+06
10/15/2022,CountryB,Pediatric,212,1920000
10/15/2022,CountryB,Adult,530,6080000
10/15/2022,CountryB,Overall,742,8e+06
10/22/2022,CountryB,Pediatric,251,1920000
10/22/2022,CountryB,Adult,477,6080000
10/22/2022,CountryB,Overall,728,8e+06
10/29/2022,CountryB,Pediatric,281,1920000
10/29/2022,CountryB,Adult,329,6080000
10/29/2022,CountryB,Overall,610,8e+06
11/05/2022,CountryB,Pediatric,322,1920000
11/05/2022,CountryB,Adult,314,6080000
11/05/2022,CountryB,Overall,636,8e+06
11/12/2022,CountryB,Pediatric,250,1920000
11/12/2022,CountryB,Adult,354,6080000
11/12/2022,CountryB,Overall,604,8e+06
11/19/2022,CountryB,Pediatric,284,1920000
11/19/2022,CountryB,Adult,337,6080000
11/19/2022,CountryB,Overall,621,8e+06
11/26/2022,CountryB,Pediatric,268,1920000
11/26/2022,CountryB,Adult,382,6080000
11/26/2022,CountryB,Overall,650,8e+06
12/03/2022,CountryB,Pediatric,290,1920000
12/03/2022,CountryB,Adult,416,6080000
12/03/2022,CountryB,Overall,706,8e+06
12/10/2022,CountryB,Pediatric,272,1920000
12/10/2022,CountryB,Adult,322,6080000
12/10/2022,CountryB,Overall,594,8e+06
12/17/2022,CountryB,Pediatric,314,1920000
12/17/2022,CountryB,Adult,383,6080000
12/17/2022,CountryB,Overall,697,8e+06
12/24/2022,CountryB,Pediatric,247,1920000
12/24/2022,CountryB,Adult,449,6080000
12/24/2022,CountryB,Overall,696,8e+06
12/31/2022,CountryB,Pediatric,314,1920000
12/31/2022,CountryB,Adult,451,6080000
12/31/2022,CountryB,Overall,765,8e+06
01/07/2023,CountryB,Pediatric,304,1920000
01/07/2023,CountryB,Adult,526,6080000
01/07/2023,CountryB,Overall,830,8e+06
01/14/2023,CountryB,Pediatric,344,1920000
01/14/2023,CountryB,Adult,632,6080000
01/14/2023,CountryB,Overall,976,8e+06
01/21/2023,CountryB,Pediatric,422,1920000
01/21/2023,CountryB,Adult,634,6080000
01/21/2023,CountryB,Overall,1056,8e+06
01/28/2023,CountryB,Pediatric,318,1920000
01/28/2023,CountryB,Adult,610,6080000
01/28/2023,CountryB,Overall,928,8e+06
02/04/2023,CountryB,Pediatric,469,1920000
02/04/2023,CountryB,Adult,820,6080000
02/04/2023,CountryB,Overall,1289,8e+06
02/11/2023,CountryB,Pediatric,495,1920000
02/11/2023,CountryB,Adult,912,6080000
02/11/2023,CountryB,Overall,1407,8e+06
02/18/2023,CountryB,Pediatric,742,1920000
02/18/2023,CountryB,Adult,873,6080000
02/18/2023,CountryB,Overall,1615,8e+06
02/25/2023,CountryB,Pediatric,620,1920000
02/25/2023,CountryB,Adult,869,6080000
02/25/2023,CountryB,Overall,1489,8e+06
03/04/2023,CountryB,Pediatric,911,1920000
03/04/2023,CountryB,Adult,1329,6080000
03/04/2023,CountryB,Overall,2240,8e+06
03/11/2023,CountryB,Pediatric,1342,1920000
03/11/2023,CountryB,Adult,1111,6080000
03/11/2023,CountryB,Overall,2453,8e+06
03/18/2023,CountryB,Pediatric,1282,1920000
03/18/2023,CountryB,Adult,1672,6080000
03/18/2023,CountryB,Overall,2954,8e+06
03/25/2023,CountryB,Pediatric,1259,1920000
03/25/2023,CountryB,Adult,1682,6080000
03/25/2023,CountryB,Overall,2941,8e+06
04/01/2023,CountryB,Pediatric,1684,1920000
04/01/2023,CountryB,Adult,1638,6080000
04/01/2023,CountryB,Overall,3322,8e+06
04/08/2023,CountryB,Pediatric,2138,1920000
04/08/2023,CountryB,Adult,1855,6080000
04/08/2023,CountryB,Overall,3993,8e+06
04/15/2023,CountryB,Pediatric,2414,1920000
04/15/2023,CountryB,Adult,1644,6080000
04/15/2023,CountryB,Overall,4058,8e+06
04/22/2023,CountryB,Pediatric,2068,1920000
04/22/2023,CountryB,Adult,2179,6080000
04/22/2023,CountryB,Overall,4247,8e+06
04/29/2023,CountryB,Pediatric,2540,1920000
04/29/2023,CountryB,Adult,2497,6080000
04/29/2023,CountryB,Overall,5037,8e+06
05/06/2023,CountryB,Pediatric,2787,1920000
05/06/2023,CountryB,Adult,3362,6080000
05/06/2023,CountryB,Overall,6149,8e+06
05/13/2023,CountryB,Pediatric,3057,1920000
05/13/2023,CountryB,Adult,3235,6080000
05/13/2023,CountryB,Overall,6292,8e+06
05/20/2023,CountryB,Pediatric,2288,1920000
05/20/2023,CountryB,Adult,3078,6080000
05/20/2023,CountryB,Overall,5366,8e+06
05/27/2023,CountryB,Pediatric,2795,1920000
05/27/2023,CountryB,Adult,3432,6080000
05/27/2023,CountryB,Overall,6227,8e+06
06/03/2023,CountryB,Pediatric,2614,1920000
06/03/2023,CountryB,Adult,2796,6080000
06/03/2023,CountryB,Overall,5410,8e+06
06/10/2023,CountryB,Pediatric,2662,1920000
06/10/2023,CountryB,Adult,2884,6080000
06/10/2023,CountryB,Overall,5546,8e+06
06/17/2023,CountryB,Pediatric,2060,1920000
06/17/2023,CountryB,Adult,2969,6080000
06/17/2023,CountryB,Overall,5029,8e+06
06/24/2023,CountryB,Pediatric,1869,1920000
06/24/2023,CountryB,Adult,2981,6080000
06/24/2023,CountryB,Overall,4850,8e+06
07/01/2023,CountryB,Pediatric,1926,1920000
07/01/2023,CountryB,Adult,2996,6080000
07/01/2023,CountryB,Overall,4922,8e+06
07/08/2023,CountryB,Pediatric,1535,1920000
07/08/2023,CountryB,Adult,2739,6080000
07/08/2023,CountryB,Overall,4274,8e+06
07/15/2023,CountryB,Pediatric,1466,1920000
07/15/2023,CountryB,Adult,2712,6080000
07/15/2023,CountryB,Overall,4178,8e+06
07/22/2023,CountryB,Pediatric,1083,1920000
07/22/2023,CountryB,Adult,2074,6080000
07/22/2023,CountryB,Overall,3157,8e+06
07/29/2023,CountryB,Pediatric,1040,1920000
07/29/2023,CountryB,Adult,2177,6080000
07/29/2023,CountryB,Overall,3217,8e+06
08/05/2023,CountryB,Pediatric,695,1920000
08/05/2023,CountryB,Adult,1771,6080000
08/05/2023,CountryB,Overall,2466,8e+06
08/12/2023,CountryB,Pediatric,663,1920000
08/12/2023,CountryB,Adult,1642,6080000
08/12/2023,CountryB,Overall,2305,8e+06
08/19/2023,CountryB,Pediatric,526,1920000
08/19/2023,CountryB,Adult,1406,6080000
08/19/2023,CountryB,Overall,1932,8e+06
08/26/2023,CountryB,Pediatric,451,1920000
08/26/2023,CountryB,Adult,1528,6080000
08/26/2023,CountryB,Overall,1979,8e+06
09/02/2023,CountryB,Pediatric,414,1920000
09/02/2023,CountryB,Adult,1160,6080000
09/02/2023,CountryB,Overall,1574,8e+06
09/09/2023,CountryB,Pediatric,268,1920000
09/09/2023,CountryB,Adult,969,6080000
09/09/2023,CountryB,Overall,1237,8e+06
09/16/2023,CountryB,Pediatric,352,1920000
09/16/2023,CountryB,Adult,826,6080000
09/16/2023,CountryB,Overall,1178,8e+06
09/23/2023,CountryB,Pediatric,301,1920000
09/23/2023,CountryB,Adult,870,6080000
09/23/2023,CountryB,Overall,1171,8e+06
09/30/2023,CountryB,Pediatric,332,1920000
09/30/2023,CountryB,Adult,758,6080000
09/30/2023,CountryB,Overall,1090,8e+06
10/07/2023,CountryB,Pediatric,215,1920000
10/07/2023,CountryB,Adult,686,6080000
10/07/2023,CountryB,Overall,901,8e+06
10/14/2023,CountryB,Pediatric,284,1920000
10/14/2023,CountryB,Adult,528,6080000
10/14/2023,CountryB,Overall,812,8e+06
10/21/2023,CountryB,Pediatric,264,1920000
10/21/2023,CountryB,Adult,607,6080000
10/21/2023,CountryB,Overall,871,8e+06
10/28/2023,CountryB,Pediatric,204,1920000
10/28/2023,CountryB,Adult,579,6080000
10/28/2023,CountryB,Overall,783,8e+06
11/04/2023,CountryB,Pediatric,305,1920000
11/04/2023,CountryB,Adult,484,6080000
11/04/2023,CountryB,Overall,789,8e+06
11/11/2023,CountryB,Pediatric,259,1920000
11/11/2023,CountryB,Adult,364,6080000
11/11/2023,CountryB,Overall,623,8e+06
11/18/2023,CountryB,Pediatric,308,1920000
11/18/2023,CountryB,Adult,362,6080000
11/18/2023,CountryB,Overall,670,8e+06
11/25/2023,CountryB,Pediatric,253,1920000
11/25/2023,CountryB,Adult,430,6080000
11/25/2023,CountryB,Overall,683,8e+06
12/02/2023,CountryB,Pediatric,298,1920000
12/02/2023,CountryB,Adult,324,6080000
12/02/2023,CountryB,Overall,622,8e+06
12/09/2023,CountryB,Pediatric,259,1920000
12/09/2023,CountryB,Adult,420,6080000
12/09/2023,CountryB,Overall,679,8e+06
12/16/2023,CountryB,Pediatric,264,1920000
12/16/2023,CountryB,Adult,423,6080000
12/16/2023,CountryB,Overall,687,8e+06
12/23/2023,CountryB,Pediatric,312,1920000
12/23/2023,CountryB,Adult,441,6080000
12/23/2023,CountryB,Overall,753,8e+06
12/30/2023,CountryB,Pediatric,322,1920000
12/30/2023,CountryB,Adult,332,6080000
12/30/2023,CountryB,Overall,654,8e+06
01/06/2024,CountryB,Pediatric,305,1920000
01/06/2024,CountryB,Adult,473,6080000
01/06/2024,CountryB,Overall,778,8e+06
01/13/2024,CountryB,Pediatric,331,1920000
01/13/2024,CountryB,Adult,458,6080000
01/13/2024,CountryB,Overall,789,8e+06
01/20/2024,CountryB,Pediatric,412,1920000
01/20/2024,CountryB,Adult,620,6080000
01/20/2024,CountryB,Overall,1032,8e+06
01/27/2024,CountryB,Pediatric,341,1920000
01/27/2024,CountryB,Adult,601,6080000
01/27/2024,CountryB,Overall,942,8e+06
02/03/2024,CountryB,Pediatric,353,1920000
02/03/2024,CountryB,Adult,629,6080000
02/03/2024,CountryB,Overall,982,8e+06
02/10/2024,CountryB,Pediatric,399,1920000
02/10/2024,CountryB,Adult,865,6080000
02/10/2024,CountryB,Overall,1264,8e+06
02/17/2024,CountryB,Pediatric,418,1920000
02/17/2024,CountryB,Adult,930,6080000
02/17/2024,CountryB,Overall,1348,8e+06
02/24/2024,CountryB,Pediatric,498,1920000
02/24/2024,CountryB,Adult,1009,6080000
02/24/2024,CountryB,Overall,1507,8e+06
03/02/2024,CountryB,Pediatric,615,1920000
03/02/2024,CountryB,Adult,1258,6080000
03/02/2024,CountryB,Overall,1873,8e+06
03/09/2024,CountryB,Pediatric,723,1920000
03/09/2024,CountryB,Adult,1148,6080000
03/09/2024,CountryB,Overall,1871,8e+06
03/16/2024,CountryB,Pediatric,759,1920000
03/16/2024,CountryB,Adult,1150,6080000
03/16/2024,CountryB,Overall,1909,8e+06
03/23/2024,CountryB,Pediatric,948,1920000
03/23/2024,CountryB,Adult,1329,6080000
03/23/2024,CountryB,Overall,2277,8e+06
03/30/2024,CountryB,Pediatric,1392,1920000
03/30/2024,CountryB,Adult,1732,6080000
03/30/2024,CountryB,Overall,3124,8e+06
04/06/2024,CountryB,Pediatric,1232,1920000
04/06/2024,CountryB,Adult,1398,6080000
04/06/2024,CountryB,Overall,2630,8e+06
04/13/2024,CountryB,Pediatric,1772,1920000
04/13/2024,CountryB,Adult,2362,6080000
04/13/2024,CountryB,Overall,4134,8e+06
04/20/2024,CountryB,Pediatric,2282,1920000
04/20/2024,CountryB,Adult,2518,6080000
04/20/2024,CountryB,Overall,4800,8e+06
04/27/2024,CountryB,Pediatric,2386,1920000
04/27/2024,CountryB,Adult,2506,6080000
04/27/2024,CountryB,Overall,4892,8e+06
05/04/2024,CountryB,Pediatric,1613,1920000
05/04/2024,CountryB,Adult,2168,6080000
05/04/2024,CountryB,Overall,3781,8e+06
05/11/2024,CountryB,Pediatric,2621,1920000
05/11/2024,CountryB,Adult,3174,6080000
05/11/2024,CountryB,Overall,5795,8e+06
05/18/2024,CountryB,Pediatric,2168,1920000
05/18/2024,CountryB,Adult,2912,6080000
05/18/2024,CountryB,Overall,5080,8e+06
05/25/2024,CountryB,Pediatric,2025,1920000
05/25/2024,CountryB,Adult,2686,6080000
05/25/2024,CountryB,Overall,4711,8e+06
06/01/2024,CountryB,Pediatric,2877,1920000
06/01/2024,CountryB,Adult,3254,6080000
06/01/2024,CountryB,Overall,6131,8e+06
06/08/2024,CountryB,Pediatric,2083,1920000
06/08/2024,CountryB,Adult,2625,6080000
06/08/2024,CountryB,Overall,4708,8e+06
06/15/2024,CountryB,Pediatric,1869,1920000
06/15/2024,CountryB,Adult,2410,6080000
06/15/2024,CountryB,Overall,4279,8e+06
06/22/2024,CountryB,Pediatric,1945,1920000
06/22/2024,CountryB,Adult,2619,6080000
06/22/2024,CountryB,Overall,4564,8e+06
06/29/2024,CountryB,Pediatric,1476,1920000
06/29/2024,CountryB,Adult,2767,6080000
06/29/2024,CountryB,Overall,4243,8e+06
07/06/2024,CountryB,Pediatric,1478,1920000
07/06/2024,CountryB,Adult,2544,6080000
07/06/2024,CountryB,Overall,4022,8e+06
07/13/2024,CountryB,Pediatric,1646,1920000
07/13/2024,CountryB,Adult,2027,6080000
07/13/2024,CountryB,Overall,3673,8e+06
07/20/2024,CountryB,Pediatric,1431,1920000
07/20/2024,CountryB,Adult,2329,6080000
07/20/2024,CountryB,Overall,3760,8e+06
07/27/2024,CountryB,Pediatric,1150,1920000
07/27/2024,CountryB,Adult,1974,6080000
07/27/2024,CountryB,Overall,3124,8e+06
08/03/2024,CountryB,Pediatric,834,1920000
08/03/2024,CountryB,Adult,2022,6080000
08/03/2024,CountryB,Overall,2856,8e+06
08/10/2024,CountryB,Pediatric,799,1920000
08/10/2024,CountryB,Adult,2098,6080000
08/10/2024,CountryB,Overall,2897,8e+06
08/17/2024,CountryB,Pediatric,570,1920000
08/17/2024,CountryB,Adult,1597,6080000
08/17/2024,CountryB,Overall,2167,8e+06
08/24/2024,CountryB,Pediatric,533,1920000
08/24/2024,CountryB,Adult,1405,6080000
08/24/2024,CountryB,Overall,1938,8e+06
08/31/2024,CountryB,Pediatric,409,1920000
08/31/2024,CountryB,Adult,1783,6080000
08/31/2024,CountryB,Overall,2192,8e+06
09/07/2024,CountryB,Pediatric,408,1920000
09/07/2024,CountryB,Adult,1300,6080000
09/07/2024,CountryB,Overall,1708,8e+06
09/14/2024,CountryB,Pediatric,282,1920000
09/14/2024,CountryB,Adult,970,6080000
09/14/2024,CountryB,Overall,1252,8e+06
09/21/2024,CountryB,Pediatric,366,1920000
09/21/2024,CountryB,Adult,760,6080000
09/21/2024,CountryB,Overall,1126,8e+06
09/28/2024,CountryB,Pediatric,261,1920000
09/28/2024,CountryB,Adult,627,6080000
09/28/2024,CountryB,Overall,888,8e+06
10/05/2024,CountryB,Pediatric,233,1920000
10/05/2024,CountryB,Adult,862,6080000
10/05/2024,CountryB,Overall,1095,8e+06
10/12/2024,CountryB,Pediatric,242,1920000
10/12/2024,CountryB,Adult,704,6080000
10/12/2024,CountryB,Overall,946,8e+06
10/19/2024,CountryB,Pediatric,293,1920000
10/19/2024,CountryB,Adult,668,6080000
10/19/2024,CountryB,Overall,961,8e+06
10/26/2024,CountryB,Pediatric,270,1920000
10/26/2024,CountryB,Adult,456,6080000
10/26/2024,CountryB,Overall,726,8e+06
11/02/2024,CountryB,Pediatric,242,1920000
11/02/2024,CountryB,Adult,522,6080000
11/02/2024,CountryB,Overall,764,8e+06
11/09/2024,CountryB,Pediatric,313,1920000
11/09/2024,CountryB,Adult,486,6080000
11/09/2024,CountryB,Overall,799,8e+06
11/16/2024,CountryB,Pediatric,198,1920000
11/16/2024,CountryB,Adult,461,6080000
11/16/2024,CountryB,Overall,659,8e+06
11/23/2024,CountryB,Pediatric,260,1920000
11/23/2024,CountryB,Adult,375,6080000
11/23/2024,CountryB,Overall,635,8e+06
11/30/2024,CountryB,Pediatric,232,1920000
11/30/2024,CountryB,Adult,436,6080000
11/30/2024,CountryB,Overall,668,8e+06
12/07/2024,CountryB,Pediatric,278,1920000
12/07/2024,CountryB,Adult,398,6080000
12/07/2024,CountryB,Overall,676,8e+06
12/14/2024,CountryB,Pediatric,245,1920000
12/14/2024,CountryB,Adult,357,6080000
12/14/2024,CountryB,Overall,602,8e+06
12/21/2024,CountryB,Pediatric,287,1920000
12/21/2024,CountryB,Adult,421,6080000
12/21/2024,CountryB,Overall,708,8e+06
12/28/2024,CountryB,Pediatric,247,1920000
12/28/2024,CountryB,Adult,476,6080000
12/28/2024,CountryB,Overall,723,8e+06
01/04/2025,CountryB,Pediatric,262,1920000
01/04/2025,CountryB,Adult,479,6080000
01/04/2025,CountryB,Overall,741,8e+06
01/11/2025,CountryB,Pediatric,291,1920000
01/11/2025,CountryB,Adult,626,6080000
01/11/2025,CountryB,Overall,917,8e+06
01/18/2025,CountryB,Pediatric,338,1920000
01/18/2025,CountryB,Adult,568,6080000
01/18/2025,CountryB,Overall,906,8e+06
01/25/2025,CountryB,Pediatric,382,1920000
01/25/2025,CountryB,Adult,770,6080000
01/25/2025,CountryB,Overall,1152,8e+06
02/01/2025,CountryB,Pediatric,384,1920000
02/01/2025,CountryB,Adult,785,6080000
02/01/2025,CountryB,Overall,1169,8e+06
02/08/2025,CountryB,Pediatric,405,1920000
02/08/2025,CountryB,Adult,747,6080000
02/08/2025,CountryB,Overall,1152,8e+06
02/15/2025,CountryB,Pediatric,413,1920000
02/15/2025,CountryB,Adult,764,6080000
02/15/2025,CountryB,Overall,1177,8e+06
02/22/2025,CountryB,Pediatric,552,1920000
02/22/2025,CountryB,Adult,1047,6080000
02/22/2025,CountryB,Overall,1599,8e+06
03/01/2025,CountryB,Pediatric,672,1920000
03/01/2025,CountryB,Adult,1316,6080000
03/01/2025,CountryB,Overall,1988,8e+06
03/08/2025,CountryB,Pediatric,775,1920000
03/08/2025,CountryB,Adult,1234,6080000
03/08/2025,CountryB,Overall,2009,8e+06
03/15/2025,CountryB,Pediatric,850,1920000
03/15/2025,CountryB,Adult,1313,6080000
03/15/2025,CountryB,Overall,2163,8e+06
03/22/2025,CountryB,Pediatric,1037,1920000
03/22/2025,CountryB,Adult,1651,6080000
03/22/2025,CountryB,Overall,2688,8e+06
03/29/2025,CountryB,Pediatric,1056,1920000
03/29/2025,CountryB,Adult,1129,6080000
03/29/2025,CountryB,Overall,2185,8e+06
04/05/2025,CountryB,Pediatric,1024,1920000
04/05/2025,CountryB,Adult,1494,6080000
04/05/2025,CountryB,Overall,2518,8e+06
04/12/2025,CountryB,Pediatric,1142,1920000
04/12/2025,CountryB,Adult,1908,6080000
04/12/2025,CountryB,Overall,3050,8e+06
04/19/2025,CountryB,Pediatric,1656,1920000
04/19/2025,CountryB,Adult,2010,6080000
04/19/2025,CountryB,Overall,3666,8e+06
04/26/2025,CountryB,Pediatric,1498,1920000
04/26/2025,CountryB,Adult,2535,6080000
04/26/2025,CountryB,Overall,4033,8e+06
05/03/2025,CountryB,Pediatric,2009,1920000
05/03/2025,CountryB,Adult,2079,6080000
05/03/2025,CountryB,Overall,4088,8e+06
05/10/2025,CountryB,Pediatric,1825,1920000
05/10/2025,CountryB,Adult,2275,6080000
05/10/2025,CountryB,Overall,4100,8e+06
05/17/2025,CountryB,Pediatric,1358,1920000
05/17/2025,CountryB,Adult,1958,6080000
05/17/2025,CountryB,Overall,3316,8e+06
05/24/2025,CountryB,Pediatric,1640,1920000
05/24/2025,CountryB,Adult,2518,6080000
05/24/2025,CountryB,Overall,4158,8e+06
05/31/2025,CountryB,Pediatric,1587,1920000
05/31/2025,CountryB,Adult,1988,6080000
05/31/2025,CountryB,Overall,3575,8e+06
06/07/2025,CountryB,Pediatric,1242,1920000
06/07/2025,CountryB,Adult,1851,6080000
06/07/2025,CountryB,Overall,3093,8e+06
06/14/2025,CountryB,Pediatric,1379,1920000
06/14/2025,CountryB,Adult,2214,6080000
06/14/2025,CountryB,Overall,3593,8e+06
06/21/2025,CountryB,Pediatric,1135,1920000
06/21/2025,CountryB,Adult,1941,6080000
06/21/2025,CountryB,Overall,3076,8e+06
06/28/2025,CountryB,Pediatric,1107,1920000
06/28/2025,CountryB,Adult,2239,6080000
06/28/2025,CountryB,Overall,3346,8e+06
07/05/2025,CountryB,Pediatric,918,1920000
07/05/2025,CountryB,Adult,2014,6080000
07/05/2025,CountryB,Overall,2932,8e+06
07/12/2025,CountryB,Pediatric,623,1920000
07/12/2025,CountryB,Adult,1950,6080000
07/12/2025,CountryB,Overall,2573,8e+06
07/19/2025,CountryB,Pediatric,626,1920000
07/19/2025,CountryB,Adult,1685,6080000
07/19/2025,CountryB,Overall,2311,8e+06
07/26/2025,CountryB,Pediatric,557,1920000
07/26/2025,CountryB,Adult,1678,6080000
07/26/2025,CountryB,Overall,2235,8e+06
08/02/2025,CountryB,Pediatric,592,1920000
08/02/2025,CountryB,Adult,1530,6080000
08/02/2025,CountryB,Overall,2122,8e+06
08/09/2025,CountryB,Pediatric,470,1920000
08/09/2025,CountryB,Adult,1282,6080000
08/09/2025,CountryB,Overall,1752,8e+06
08/16/2025,CountryB,Pediatric,399,1920000
08/16/2025,CountryB,Adult,899,6080000
08/16/2025,CountryB,Overall,1298,8e+06
08/23/2025,CountryB,Pediatric,348,1920000
08/23/2025,CountryB,Adult,1200,6080000
08/23/2025,CountryB,Overall,1548,8e+06
08/30/2025,CountryB,Pediatric,384,1920000
08/30/2025,CountryB,Adult,1029,6080000
08/30/2025,CountryB,Overall,1413,8e+06
09/06/2025,CountryB,Pediatric,304,1920000
09/06/2025,CountryB,Adult,665,6080000
09/06/2025,CountryB,Overall,969,8e+06
09/13/2025,CountryB,Pediatric,300,1920000
09/13/2025,CountryB,Adult,717,6080000
09/13/2025,CountryB,Overall,1017,8e+06
09/20/2025,CountryB,Pediatric,271,1920000
09/20/2025,CountryB,Adult,719,6080000
09/20/2025,CountryB,Overall,990,8e+06
09/27/2025,CountryB,Pediatric,261,1920000
09/27/2025,CountryB,Adult,707,6080000
09/27/2025,CountryB,Overall,968,8e+06
10/04/2025,CountryB,Pediatric,256,1920000
10/04/2025,CountryB,Adult,557,6080000
10/04/2025,CountryB,Overall,813,8e+06
10/11/2025,CountryB,Pediatric,289,1920000
10/11/2025,CountryB,Adult,442,6080000
10/11/2025,CountryB,Overall,731,8e+06
10/18/2025,CountryB,Pediatric,271,1920000
10/18/2025,CountryB,Adult,387,6080000
10/18/2025,CountryB,Overall,658,8e+06
10/25/2025,CountryB,Pediatric,294,1920000
10/25/2025,CountryB,Adult,479,6080000
10/25/2025,CountryB,Overall,773,8e+06
11/01/2025,CountryB,Pediatric,274,1920000
11/01/2025,CountryB,Adult,420,6080000
11/01/2025,CountryB,Overall,694,8e+06
11/08/2025,CountryB,Pediatric,288,1920000
11/08/2025,CountryB,Adult,366,6080000
11/08/2025,CountryB,Overall,654,8e+06
11/15/2025,CountryB,Pediatric,279,1920000
11/15/2025,CountryB,Adult,463,6080000
11/15/2025,CountryB,Overall,742,8e+06
11/22/2025,CountryB,Pediatric,250,1920000
11/22/2025,CountryB,Adult,297,6080000
11/22/2025,CountryB,Overall,547,8e+06
11/29/2025,CountryB,Pediatric,224,1920000
11/29/2025,CountryB,Adult,382,6080000
11/29/2025,CountryB,Overall,606,8e+06
12/06/2025,CountryB,Pediatric,242,1920000
12/06/2025,CountryB,Adult,394,6080000
12/06/2025,CountryB,Overall,636,8e+06
12/13/2025,CountryB,Pediatric,279,1920000
12/13/2025,CountryB,Adult,374,6080000
12/13/2025,CountryB,Overall,653,8e+06
12/20/2025,CountryB,Pediatric,221,1920000
12/20/2025,CountryB,Adult,344,6080000
12/20/2025,CountryB,Overall,565,8e+06
12/27/2025,CountryB,Pediatric,320,1920000
12/27/2025,CountryB,Adult,501,6080000
12/27/2025,CountryB,Overall,821,8e+06
01/01/2022,CountryC,Pediatric,126,8e+05
01/01/2022,CountryC,Adult,143,3200000
01/01/2022,CountryC,Overall,269,4e+06
01/08/2022,CountryC,Pediatric,153,8e+05
01/08/2022,CountryC,Adult,152,3200000
01/08/2022,CountryC,Overall,305,4e+06
01/15/2022,CountryC,Pediatric,108,8e+05
01/15/2022,CountryC,Adult,184,3200000
01/15/2022,CountryC,Overall,292,4e+06
01/22/2022,CountryC,Pediatric,111,8e+05
01/22/2022,CountryC,Adult,186,3200000
01/22/2022,CountryC,Overall,297,4e+06
01/29/2022,CountryC,Pediatric,138,8e+05
01/29/2022,CountryC,Adult,151,3200000
01/29/2022,CountryC,Overall,289,4e+06
02/05/2022,CountryC,Pediatric,160,8e+05
02/05/2022,CountryC,Adult,161,3200000
02/05/2022,CountryC,Overall,321,4e+06
02/12/2022,CountryC,Pediatric,137,8e+05
02/12/2022,CountryC,Adult,193,3200000
02/12/2022,CountryC,Overall,330,4e+06
02/19/2022,CountryC,Pediatric,122,8e+05
02/19/2022,CountryC,Adult,134,3200000
02/19/2022,CountryC,Overall,256,4e+06
02/26/2022,CountryC,Pediatric,128,8e+05
02/26/2022,CountryC,Adult,164,3200000
02/26/2022,CountryC,Overall,292,4e+06
03/05/2022,CountryC,Pediatric,155,8e+05
03/05/2022,CountryC,Adult,128,3200000
03/05/2022,CountryC,Overall,283,4e+06
03/12/2022,CountryC,Pediatric,137,8e+05
03/12/2022,CountryC,Adult,179,3200000
03/12/2022,CountryC,Overall,316,4e+06
03/19/2022,CountryC,Pediatric,120,8e+05
03/19/2022,CountryC,Adult,157,3200000
03/19/2022,CountryC,Overall,277,4e+06
03/26/2022,CountryC,Pediatric,160,8e+05
03/26/2022,CountryC,Adult,176,3200000
03/26/2022,CountryC,Overall,336,4e+06
04/02/2022,CountryC,Pediatric,147,8e+05
04/02/2022,CountryC,Adult,191,3200000
04/02/2022,CountryC,Overall,338,4e+06
04/09/2022,CountryC,Pediatric,139,8e+05
04/09/2022,CountryC,Adult,213,3200000
04/09/2022,CountryC,Overall,352,4e+06
04/16/2022,CountryC,Pediatric,116,8e+05
04/16/2022,CountryC,Adult,172,3200000
04/16/2022,CountryC,Overall,288,4e+06
04/23/2022,CountryC,Pediatric,153,8e+05
04/23/2022,CountryC,Adult,210,3200000
04/23/2022,CountryC,Overall,363,4e+06
04/30/2022,CountryC,Pediatric,153,8e+05
04/30/2022,CountryC,Adult,208,3200000
04/30/2022,CountryC,Overall,361,4e+06
05/07/2022,CountryC,Pediatric,142,8e+05
05/07/2022,CountryC,Adult,278,3200000
05/07/2022,CountryC,Overall,420,4e+06
05/14/2022,CountryC,Pediatric,151,8e+05
05/14/2022,CountryC,Adult,292,3200000
05/14/2022,CountryC,Overall,443,4e+06
05/21/2022,CountryC,Pediatric,245,8e+05
05/21/2022,CountryC,Adult,468,3200000
05/21/2022,CountryC,Overall,713,4e+06
05/28/2022,CountryC,Pediatric,300,8e+05
05/28/2022,CountryC,Adult,527,3200000
05/28/2022,CountryC,Overall,827,4e+06
06/04/2022,CountryC,Pediatric,375,8e+05
06/04/2022,CountryC,Adult,718,3200000
06/04/2022,CountryC,Overall,1093,4e+06
06/11/2022,CountryC,Pediatric,455,8e+05
06/11/2022,CountryC,Adult,645,3200000
06/11/2022,CountryC,Overall,1100,4e+06
06/18/2022,CountryC,Pediatric,680,8e+05
06/18/2022,CountryC,Adult,996,3200000
06/18/2022,CountryC,Overall,1676,4e+06
06/25/2022,CountryC,Pediatric,842,8e+05
06/25/2022,CountryC,Adult,937,3200000
06/25/2022,CountryC,Overall,1779,4e+06
07/02/2022,CountryC,Pediatric,829,8e+05
07/02/2022,CountryC,Adult,1403,3200000
07/02/2022,CountryC,Overall,2232,4e+06
07/09/2022,CountryC,Pediatric,1089,8e+05
07/09/2022,CountryC,Adult,1542,3200000
07/09/2022,CountryC,Overall,2631,4e+06
07/16/2022,CountryC,Pediatric,1212,8e+05
07/16/2022,CountryC,Adult,1320,3200000
07/16/2022,CountryC,Overall,2532,4e+06
07/23/2022,CountryC,Pediatric,908,8e+05
07/23/2022,CountryC,Adult,1168,3200000
07/23/2022,CountryC,Overall,2076,4e+06
07/30/2022,CountryC,Pediatric,915,8e+05
07/30/2022,CountryC,Adult,968,3200000
07/30/2022,CountryC,Overall,1883,4e+06
08/06/2022,CountryC,Pediatric,804,8e+05
08/06/2022,CountryC,Adult,1219,3200000
08/06/2022,CountryC,Overall,2023,4e+06
08/13/2022,CountryC,Pediatric,514,8e+05
08/13/2022,CountryC,Adult,1176,3200000
08/13/2022,CountryC,Overall,1690,4e+06
08/20/2022,CountryC,Pediatric,484,8e+05
08/20/2022,CountryC,Adult,876,3200000
08/20/2022,CountryC,Overall,1360,4e+06
08/27/2022,CountryC,Pediatric,325,8e+05
08/27/2022,CountryC,Adult,777,3200000
08/27/2022,CountryC,Overall,1102,4e+06
09/03/2022,CountryC,Pediatric,209,8e+05
09/03/2022,CountryC,Adult,682,3200000
09/03/2022,CountryC,Overall,891,4e+06
09/10/2022,CountryC,Pediatric,229,8e+05
09/10/2022,CountryC,Adult,532,3200000
09/10/2022,CountryC,Overall,761,4e+06
09/17/2022,CountryC,Pediatric,169,8e+05
09/17/2022,CountryC,Adult,428,3200000
09/17/2022,CountryC,Overall,597,4e+06
09/24/2022,CountryC,Pediatric,141,8e+05
09/24/2022,CountryC,Adult,360,3200000
09/24/2022,CountryC,Overall,501,4e+06
10/01/2022,CountryC,Pediatric,136,8e+05
10/01/2022,CountryC,Adult,247,3200000
10/01/2022,CountryC,Overall,383,4e+06
10/08/2022,CountryC,Pediatric,143,8e+05
10/08/2022,CountryC,Adult,247,3200000
10/08/2022,CountryC,Overall,390,4e+06
10/15/2022,CountryC,Pediatric,134,8e+05
10/15/2022,CountryC,Adult,183,3200000
10/15/2022,CountryC,Overall,317,4e+06
10/22/2022,CountryC,Pediatric,132,8e+05
10/22/2022,CountryC,Adult,168,3200000
10/22/2022,CountryC,Overall,300,4e+06
10/29/2022,CountryC,Pediatric,127,8e+05
10/29/2022,CountryC,Adult,224,3200000
10/29/2022,CountryC,Overall,351,4e+06
11/05/2022,CountryC,Pediatric,142,8e+05
11/05/2022,CountryC,Adult,153,3200000
11/05/2022,CountryC,Overall,295,4e+06
11/12/2022,CountryC,Pediatric,138,8e+05
11/12/2022,CountryC,Adult,192,3200000
11/12/2022,CountryC,Overall,330,4e+06
11/19/2022,CountryC,Pediatric,113,8e+05
11/19/2022,CountryC,Adult,141,3200000
11/19/2022,CountryC,Overall,254,4e+06
11/26/2022,CountryC,Pediatric,130,8e+05
11/26/2022,CountryC,Adult,150,3200000
11/26/2022,CountryC,Overall,280,4e+06
12/03/2022,CountryC,Pediatric,117,8e+05
12/03/2022,CountryC,Adult,172,3200000
12/03/2022,CountryC,Overall,289,4e+06
12/10/2022,CountryC,Pediatric,155,8e+05
12/10/2022,CountryC,Adult,167,3200000
12/10/2022,CountryC,Overall,322,4e+06
12/17/2022,CountryC,Pediatric,166,8e+05
12/17/2022,CountryC,Adult,158,3200000
12/17/2022,CountryC,Overall,324,4e+06
12/24/2022,CountryC,Pediatric,137,8e+05
12/24/2022,CountryC,Adult,150,3200000
12/24/2022,CountryC,Overall,287,4e+06
12/31/2022,CountryC,Pediatric,163,8e+05
12/31/2022,CountryC,Adult,193,3200000
12/31/2022,CountryC,Overall,356,4e+06
01/07/2023,CountryC,Pediatric,107,8e+05
01/07/2023,CountryC,Adult,164,3200000
01/07/2023,CountryC,Overall,271,4e+06
01/14/2023,CountryC,Pediatric,139,8e+05
01/14/2023,CountryC,Adult,149,3200000
01/14/2023,CountryC,Overall,288,4e+06
01/21/2023,CountryC,Pediatric,106,8e+05
01/21/2023,CountryC,Adult,174,3200000
01/21/2023,CountryC,Overall,280,4e+06
01/28/2023,CountryC,Pediatric,135,8e+05
01/28/2023,CountryC,Adult,148,3200000
01/28/2023,CountryC,Overall,283,4e+06
02/04/2023,CountryC,Pediatric,151,8e+05
02/04/2023,CountryC,Adult,159,3200000
02/04/2023,CountryC,Overall,310,4e+06
02/11/2023,CountryC,Pediatric,114,8e+05
02/11/2023,CountryC,Adult,127,3200000
02/11/2023,CountryC,Overall,241,4e+06
02/18/2023,CountryC,Pediatric,132,8e+05
02/18/2023,CountryC,Adult,145,3200000
02/18/2023,CountryC,Overall,277,4e+06
02/25/2023,CountryC,Pediatric,125,8e+05
02/25/2023,CountryC,Adult,122,3200000
02/25/2023,CountryC,Overall,247,4e+06
03/04/2023,CountryC,Pediatric,147,8e+05
03/04/2023,CountryC,Adult,155,3200000
03/04/2023,CountryC,Overall,302,4e+06
03/11/2023,CountryC,Pediatric,161,8e+05
03/11/2023,CountryC,Adult,181,3200000
03/11/2023,CountryC,Overall,342,4e+06
03/18/2023,CountryC,Pediatric,133,8e+05
03/18/2023,CountryC,Adult,187,3200000
03/18/2023,CountryC,Overall,320,4e+06
03/25/2023,CountryC,Pediatric,180,8e+05
03/25/2023,CountryC,Adult,166,3200000
03/25/2023,CountryC,Overall,346,4e+06
04/01/2023,CountryC,Pediatric,166,8e+05
04/01/2023,CountryC,Adult,147,3200000
04/01/2023,CountryC,Overall,313,4e+06
04/08/2023,CountryC,Pediatric,129,8e+05
04/08/2023,CountryC,Adult,185,3200000
04/08/2023,CountryC,Overall,314,4e+06
04/15/2023,CountryC,Pediatric,121,8e+05
04/15/2023,CountryC,Adult,171,3200000
04/15/2023,CountryC,Overall,292,4e+06
04/22/2023,CountryC,Pediatric,145,8e+05
04/22/2023,CountryC,Adult,267,3200000
04/22/2023,CountryC,Overall,412,4e+06
04/29/2023,CountryC,Pediatric,101,8e+05
04/29/2023,CountryC,Adult,193,3200000
04/29/2023,CountryC,Overall,294,4e+06
05/06/2023,CountryC,Pediatric,142,8e+05
05/06/2023,CountryC,Adult,316,3200000
05/06/2023,CountryC,Overall,458,4e+06
05/13/2023,CountryC,Pediatric,155,8e+05
05/13/2023,CountryC,Adult,387,3200000
05/13/2023,CountryC,Overall,542,4e+06
05/20/2023,CountryC,Pediatric,224,8e+05
05/20/2023,CountryC,Adult,397,3200000
05/20/2023,CountryC,Overall,621,4e+06
05/27/2023,CountryC,Pediatric,240,8e+05
05/27/2023,CountryC,Adult,570,3200000
05/27/2023,CountryC,Overall,810,4e+06
06/03/2023,CountryC,Pediatric,388,8e+05
06/03/2023,CountryC,Adult,739,3200000
06/03/2023,CountryC,Overall,1127,4e+06
06/10/2023,CountryC,Pediatric,571,8e+05
06/10/2023,CountryC,Adult,991,3200000
06/10/2023,CountryC,Overall,1562,4e+06
06/17/2023,CountryC,Pediatric,661,8e+05
06/17/2023,CountryC,Adult,1247,3200000
06/17/2023,CountryC,Overall,1908,4e+06
06/24/2023,CountryC,Pediatric,1004,8e+05
06/24/2023,CountryC,Adult,1448,3200000
06/24/2023,CountryC,Overall,2452,4e+06
07/01/2023,CountryC,Pediatric,1156,8e+05
07/01/2023,CountryC,Adult,1657,3200000
07/01/2023,CountryC,Overall,2813,4e+06
07/08/2023,CountryC,Pediatric,1328,8e+05
07/08/2023,CountryC,Adult,1580,3200000
07/08/2023,CountryC,Overall,2908,4e+06
07/15/2023,CountryC,Pediatric,1390,8e+05
07/15/2023,CountryC,Adult,2090,3200000
07/15/2023,CountryC,Overall,3480,4e+06
07/22/2023,CountryC,Pediatric,1488,8e+05
07/22/2023,CountryC,Adult,1945,3200000
07/22/2023,CountryC,Overall,3433,4e+06
07/29/2023,CountryC,Pediatric,1040,8e+05
07/29/2023,CountryC,Adult,1928,3200000
07/29/2023,CountryC,Overall,2968,4e+06
08/05/2023,CountryC,Pediatric,1219,8e+05
08/05/2023,CountryC,Adult,2103,3200000
08/05/2023,CountryC,Overall,3322,4e+06
08/12/2023,CountryC,Pediatric,960,8e+05
08/12/2023,CountryC,Adult,1670,3200000
08/12/2023,CountryC,Overall,2630,4e+06
08/19/2023,CountryC,Pediatric,616,8e+05
08/19/2023,CountryC,Adult,1111,3200000
08/19/2023,CountryC,Overall,1727,4e+06
08/26/2023,CountryC,Pediatric,541,8e+05
08/26/2023,CountryC,Adult,1252,3200000
08/26/2023,CountryC,Overall,1793,4e+06
09/02/2023,CountryC,Pediatric,300,8e+05
09/02/2023,CountryC,Adult,1110,3200000
09/02/2023,CountryC,Overall,1410,4e+06
09/09/2023,CountryC,Pediatric,278,8e+05
09/09/2023,CountryC,Adult,656,3200000
09/09/2023,CountryC,Overall,934,4e+06
09/16/2023,CountryC,Pediatric,194,8e+05
09/16/2023,CountryC,Adult,677,3200000
09/16/2023,CountryC,Overall,871,4e+06
09/23/2023,CountryC,Pediatric,127,8e+05
09/23/2023,CountryC,Adult,502,3200000
09/23/2023,CountryC,Overall,629,4e+06
09/30/2023,CountryC,Pediatric,127,8e+05
09/30/2023,CountryC,Adult,379,3200000
09/30/2023,CountryC,Overall,506,4e+06
10/07/2023,CountryC,Pediatric,143,8e+05
10/07/2023,CountryC,Adult,258,3200000
10/07/2023,CountryC,Overall,401,4e+06
10/14/2023,CountryC,Pediatric,100,8e+05
10/14/2023,CountryC,Adult,269,3200000
10/14/2023,CountryC,Overall,369,4e+06
10/21/2023,CountryC,Pediatric,125,8e+05
10/21/2023,CountryC,Adult,184,3200000
10/21/2023,CountryC,Overall,309,4e+06
10/28/2023,CountryC,Pediatric,128,8e+05
10/28/2023,CountryC,Adult,198,3200000
10/28/2023,CountryC,Overall,326,4e+06
11/04/2023,CountryC,Pediatric,139,8e+05
11/04/2023,CountryC,Adult,126,3200000
11/04/2023,CountryC,Overall,265,4e+06
11/11/2023,CountryC,Pediatric,126,8e+05
11/11/2023,CountryC,Adult,191,3200000
11/11/2023,CountryC,Overall,317,4e+06
11/18/2023,CountryC,Pediatric,144,8e+05
11/18/2023,CountryC,Adult,195,3200000
11/18/2023,CountryC,Overall,339,4e+06
11/25/2023,CountryC,Pediatric,133,8e+05
11/25/2023,CountryC,Adult,197,3200000
11/25/2023,CountryC,Overall,330,4e+06
12/02/2023,CountryC,Pediatric,151,8e+05
12/02/2023,CountryC,Adult,185,3200000
12/02/2023,CountryC,Overall,336,4e+06
12/09/2023,CountryC,Pediatric,152,8e+05
12/09/2023,CountryC,Adult,183,3200000
12/09/2023,CountryC,Overall,335,4e+06
12/16/2023,CountryC,Pediatric,119,8e+05
12/16/2023,CountryC,Adult,167,3200000
12/16/2023,CountryC,Overall,286,4e+06
12/23/2023,CountryC,Pediatric,150,8e+05
12/23/2023,CountryC,Adult,179,3200000
12/23/2023,CountryC,Overall,329,4e+06
12/30/2023,CountryC,Pediatric,139,8e+05
12/30/2023,CountryC,Adult,184,3200000
12/30/2023,CountryC,Overall,323,4e+06
01/06/2024,CountryC,Pediatric,165,8e+05
01/06/2024,CountryC,Adult,163,3200000
01/06/2024,CountryC,Overall,328,4e+06
01/13/2024,CountryC,Pediatric,120,8e+05
01/13/2024,CountryC,Adult,162,3200000
01/13/2024,CountryC,Overall,282,4e+06
01/20/2024,CountryC,Pediatric,152,8e+05
01/20/2024,CountryC,Adult,150,3200000
01/20/2024,CountryC,Overall,302,4e+06
01/27/2024,CountryC,Pediatric,113,8e+05
01/27/2024,CountryC,Adult,156,3200000
01/27/2024,CountryC,Overall,269,4e+06
02/03/2024,CountryC,Pediatric,158,8e+05
02/03/2024,CountryC,Adult,132,3200000
02/03/2024,CountryC,Overall,290,4e+06
02/10/2024,CountryC,Pediatric,159,8e+05
02/10/2024,CountryC,Adult,136,3200000
02/10/2024,CountryC,Overall,295,4e+06
02/17/2024,CountryC,Pediatric,122,8e+05
02/17/2024,CountryC,Adult,158,3200000
02/17/2024,CountryC,Overall,280,4e+06
02/24/2024,CountryC,Pediatric,145,8e+05
02/24/2024,CountryC,Adult,136,3200000
02/24/2024,CountryC,Overall,281,4e+06
03/02/2024,CountryC,Pediatric,148,8e+05
03/02/2024,CountryC,Adult,141,3200000
03/02/2024,CountryC,Overall,289,4e+06
03/09/2024,CountryC,Pediatric,143,8e+05
03/09/2024,CountryC,Adult,172,3200000
03/09/2024,CountryC,Overall,315,4e+06
03/16/2024,CountryC,Pediatric,111,8e+05
03/16/2024,CountryC,Adult,168,3200000
03/16/2024,CountryC,Overall,279,4e+06
03/23/2024,CountryC,Pediatric,156,8e+05
03/23/2024,CountryC,Adult,167,3200000
03/23/2024,CountryC,Overall,323,4e+06
03/30/2024,CountryC,Pediatric,139,8e+05
03/30/2024,CountryC,Adult,162,3200000
03/30/2024,CountryC,Overall,301,4e+06
04/06/2024,CountryC,Pediatric,120,8e+05
04/06/2024,CountryC,Adult,102,3200000
04/06/2024,CountryC,Overall,222,4e+06
04/13/2024,CountryC,Pediatric,146,8e+05
04/13/2024,CountryC,Adult,170,3200000
04/13/2024,CountryC,Overall,316,4e+06
04/20/2024,CountryC,Pediatric,136,8e+05
04/20/2024,CountryC,Adult,170,3200000
04/20/2024,CountryC,Overall,306,4e+06
04/27/2024,CountryC,Pediatric,136,8e+05
04/27/2024,CountryC,Adult,198,3200000
04/27/2024,CountryC,Overall,334,4e+06
05/04/2024,CountryC,Pediatric,124,8e+05
05/04/2024,CountryC,Adult,233,3200000
05/04/2024,CountryC,Overall,357,4e+06
05/11/2024,CountryC,Pediatric,150,8e+05
05/11/2024,CountryC,Adult,188,3200000
05/11/2024,CountryC,Overall,338,4e+06
05/18/2024,CountryC,Pediatric,175,8e+05
05/18/2024,CountryC,Adult,335,3200000
05/18/2024,CountryC,Overall,510,4e+06
05/25/2024,CountryC,Pediatric,207,8e+05
05/25/2024,CountryC,Adult,350,3200000
05/25/2024,CountryC,Overall,557,4e+06
06/01/2024,CountryC,Pediatric,264,8e+05
06/01/2024,CountryC,Adult,449,3200000
06/01/2024,CountryC,Overall,713,4e+06
06/08/2024,CountryC,Pediatric,328,8e+05
06/08/2024,CountryC,Adult,588,3200000
06/08/2024,CountryC,Overall,916,4e+06
06/15/2024,CountryC,Pediatric,503,8e+05
06/15/2024,CountryC,Adult,620,3200000
06/15/2024,CountryC,Overall,1123,4e+06
06/22/2024,CountryC,Pediatric,702,8e+05
06/22/2024,CountryC,Adult,773,3200000
06/22/2024,CountryC,Overall,1475,4e+06
06/29/2024,CountryC,Pediatric,935,8e+05
06/29/2024,CountryC,Adult,1107,3200000
06/29/2024,CountryC,Overall,2042,4e+06
07/06/2024,CountryC,Pediatric,1128,8e+05
07/06/2024,CountryC,Adult,1401,3200000
07/06/2024,CountryC,Overall,2529,4e+06
07/13/2024,CountryC,Pediatric,1034,8e+05
07/13/2024,CountryC,Adult,1200,3200000
07/13/2024,CountryC,Overall,2234,4e+06
07/20/2024,CountryC,Pediatric,934,8e+05
07/20/2024,CountryC,Adult,1454,3200000
07/20/2024,CountryC,Overall,2388,4e+06
07/27/2024,CountryC,Pediatric,1141,8e+05
07/27/2024,CountryC,Adult,1452,3200000
07/27/2024,CountryC,Overall,2593,4e+06
08/03/2024,CountryC,Pediatric,1048,8e+05
08/03/2024,CountryC,Adult,1340,3200000
08/03/2024,CountryC,Overall,2388,4e+06
08/10/2024,CountryC,Pediatric,816,8e+05
08/10/2024,CountryC,Adult,1316,3200000
08/10/2024,CountryC,Overall,2132,4e+06
08/17/2024,CountryC,Pediatric,718,8e+05
08/17/2024,CountryC,Adult,999,3200000
08/17/2024,CountryC,Overall,1717,4e+06
08/24/2024,CountryC,Pediatric,452,8e+05
08/24/2024,CountryC,Adult,904,3200000
08/24/2024,CountryC,Overall,1356,4e+06
08/31/2024,CountryC,Pediatric,363,8e+05
08/31/2024,CountryC,Adult,841,3200000
08/31/2024,CountryC,Overall,1204,4e+06
09/07/2024,CountryC,Pediatric,240,8e+05
09/07/2024,CountryC,Adult,743,3200000
09/07/2024,CountryC,Overall,983,4e+06
09/14/2024,CountryC,Pediatric,198,8e+05
09/14/2024,CountryC,Adult,595,3200000
09/14/2024,CountryC,Overall,793,4e+06
09/21/2024,CountryC,Pediatric,183,8e+05
09/21/2024,CountryC,Adult,415,3200000
09/21/2024,CountryC,Overall,598,4e+06
09/28/2024,CountryC,Pediatric,135,8e+05
09/28/2024,CountryC,Adult,335,3200000
09/28/2024,CountryC,Overall,470,4e+06
10/05/2024,CountryC,Pediatric,141,8e+05
10/05/2024,CountryC,Adult,354,3200000
10/05/2024,CountryC,Overall,495,4e+06
10/12/2024,CountryC,Pediatric,135,8e+05
10/12/2024,CountryC,Adult,275,3200000
10/12/2024,CountryC,Overall,410,4e+06
10/19/2024,CountryC,Pediatric,121,8e+05
10/19/2024,CountryC,Adult,199,3200000
10/19/2024,CountryC,Overall,320,4e+06
10/26/2024,CountryC,Pediatric,152,8e+05
10/26/2024,CountryC,Adult,181,3200000
10/26/2024,CountryC,Overall,333,4e+06
11/02/2024,CountryC,Pediatric,150,8e+05
11/02/2024,CountryC,Adult,165,3200000
11/02/2024,CountryC,Overall,315,4e+06
11/09/2024,CountryC,Pediatric,130,8e+05
11/09/2024,CountryC,Adult,192,3200000
11/09/2024,CountryC,Overall,322,4e+06
11/16/2024,CountryC,Pediatric,142,8e+05
11/16/2024,CountryC,Adult,165,3200000
11/16/2024,CountryC,Overall,307,4e+06
11/23/2024,CountryC,Pediatric,103,8e+05
11/23/2024,CountryC,Adult,158,3200000
11/23/2024,CountryC,Overall,261,4e+06
11/30/2024,CountryC,Pediatric,140,8e+05
11/30/2024,CountryC,Adult,170,3200000
11/30/2024,CountryC,Overall,310,4e+06
12/07/2024,CountryC,Pediatric,137,8e+05
12/07/2024,CountryC,Adult,154,3200000
12/07/2024,CountryC,Overall,291,4e+06
12/14/2024,CountryC,Pediatric,139,8e+05
12/14/2024,CountryC,Adult,158,3200000
12/14/2024,CountryC,Overall,297,4e+06
12/21/2024,CountryC,Pediatric,148,8e+05
12/21/2024,CountryC,Adult,153,3200000
12/21/2024,CountryC,Overall,301,4e+06
12/28/2024,CountryC,Pediatric,121,8e+05
12/28/2024,CountryC,Adult,200,3200000
12/28/2024,CountryC,Overall,321,4e+06
01/04/2025,CountryC,Pediatric,95,8e+05
01/04/2025,CountryC,Adult,165,3200000
01/04/2025,CountryC,Overall,260,4e+06
01/11/2025,CountryC,Pediatric,161,8e+05
01/11/2025,CountryC,Adult,192,3200000
01/11/2025,CountryC,Overall,353,4e+06
01/18/2025,CountryC,Pediatric,120,8e+05
01/18/2025,CountryC,Adult,152,3200000
01/18/2025,CountryC,Overall,272,4e+06
01/25/2025,CountryC,Pediatric,99,8e+05
01/25/2025,CountryC,Adult,159,3200000
01/25/2025,CountryC,Overall,258,4e+06
02/01/2025,CountryC,Pediatric,166,8e+05
02/01/2025,CountryC,Adult,187,3200000
02/01/2025,CountryC,Overall,353,4e+06
02/08/2025,CountryC,Pediatric,135,8e+05
02/08/2025,CountryC,Adult,219,3200000
02/08/2025,CountryC,Overall,354,4e+06
02/15/2025,CountryC,Pediatric,90,8e+05
02/15/2025,CountryC,Adult,144,3200000
02/15/2025,CountryC,Overall,234,4e+06
02/22/2025,CountryC,Pediatric,120,8e+05
02/22/2025,CountryC,Adult,161,3200000
02/22/2025,CountryC,Overall,281,4e+06
03/01/2025,CountryC,Pediatric,161,8e+05
03/01/2025,CountryC,Adult,144,3200000
03/01/2025,CountryC,Overall,305,4e+06
03/08/2025,CountryC,Pediatric,106,8e+05
03/08/2025,CountryC,Adult,151,3200000
03/08/2025,CountryC,Overall,257,4e+06
03/15/2025,CountryC,Pediatric,121,8e+05
03/15/2025,CountryC,Adult,146,3200000
03/15/2025,CountryC,Overall,267,4e+06
03/22/2025,CountryC,Pediatric,155,8e+05
03/22/2025,CountryC,Adult,167,3200000
03/22/2025,CountryC,Overall,322,4e+06
03/29/2025,CountryC,Pediatric,113,8e+05
03/29/2025,CountryC,Adult,181,3200000
03/29/2025,CountryC,Overall,294,4e+06
04/05/2025,CountryC,Pediatric,134,8e+05
04/05/2025,CountryC,Adult,146,3200000
04/05/2025,CountryC,Overall,280,4e+06
04/12/2025,CountryC,Pediatric,156,8e+05
04/12/2025,CountryC,Adult,189,3200000
04/12/2025,CountryC,Overall,345,4e+06
04/19/2025,CountryC,Pediatric,155,8e+05
04/19/2025,CountryC,Adult,210,3200000
04/19/2025,CountryC,Overall,365,4e+06
04/26/2025,CountryC,Pediatric,163,8e+05
04/26/2025,CountryC,Adult,199,3200000
04/26/2025,CountryC,Overall,362,4e+06
05/03/2025,CountryC,Pediatric,149,8e+05
05/03/2025,CountryC,Adult,245,3200000
05/03/2025,CountryC,Overall,394,4e+06
05/10/2025,CountryC,Pediatric,157,8e+05
05/10/2025,CountryC,Adult,308,3200000
05/10/2025,CountryC,Overall,465,4e+06
05/17/2025,CountryC,Pediatric,224,8e+05
05/17/2025,CountryC,Adult,398,3200000
05/17/2025,CountryC,Overall,622,4e+06
05/24/2025,CountryC,Pediatric,231,8e+05
05/24/2025,CountryC,Adult,426,3200000
05/24/2025,CountryC,Overall,657,4e+06
05/31/2025,CountryC,Pediatric,273,8e+05
05/31/2025,CountryC,Adult,512,3200000
05/31/2025,CountryC,Overall,785,4e+06
06/07/2025,CountryC,Pediatric,537,8e+05
06/07/2025,CountryC,Adult,796,3200000
06/07/2025,CountryC,Overall,1333,4e+06
06/14/2025,CountryC,Pediatric,646,8e+05
06/14/2025,CountryC,Adult,909,3200000
06/14/2025,CountryC,Overall,1555,4e+06
06/21/2025,CountryC,Pediatric,1223,8e+05
06/21/2025,CountryC,Adult,1010,3200000
06/21/2025,CountryC,Overall,2233,4e+06
06/28/2025,CountryC,Pediatric,1144,8e+05
06/28/2025,CountryC,Adult,1184,3200000
06/28/2025,CountryC,Overall,2328,4e+06
07/05/2025,CountryC,Pediatric,1432,8e+05
07/05/2025,CountryC,Adult,1655,3200000
07/05/2025,CountryC,Overall,3087,4e+06
07/12/2025,CountryC,Pediatric,1341,8e+05
07/12/2025,CountryC,Adult,1332,3200000
07/12/2025,CountryC,Overall,2673,4e+06
07/19/2025,CountryC,Pediatric,1204,8e+05
07/19/2025,CountryC,Adult,2024,3200000
07/19/2025,CountryC,Overall,3228,4e+06
07/26/2025,CountryC,Pediatric,1395,8e+05
07/26/2025,CountryC,Adult,1483,3200000
07/26/2025,CountryC,Overall,2878,4e+06
08/02/2025,CountryC,Pediatric,1319,8e+05
08/02/2025,CountryC,Adult,2142,3200000
08/02/2025,CountryC,Overall,3461,4e+06
08/09/2025,CountryC,Pediatric,1006,8e+05
08/09/2025,CountryC,Adult,1721,3200000
08/09/2025,CountryC,Overall,2727,4e+06
08/16/2025,CountryC,Pediatric,737,8e+05
08/16/2025,CountryC,Adult,1400,3200000
08/16/2025,CountryC,Overall,2137,4e+06
08/23/2025,CountryC,Pediatric,487,8e+05
08/23/2025,CountryC,Adult,1396,3200000
08/23/2025,CountryC,Overall,1883,4e+06
08/30/2025,CountryC,Pediatric,457,8e+05
08/30/2025,CountryC,Adult,1318,3200000
08/30/2025,CountryC,Overall,1775,4e+06
09/06/2025,CountryC,Pediatric,234,8e+05
09/06/2025,CountryC,Adult,1034,3200000
09/06/2025,CountryC,Overall,1268,4e+06
09/13/2025,CountryC,Pediatric,217,8e+05
09/13/2025,CountryC,Adult,851,3200000
09/13/2025,CountryC,Overall,1068,4e+06
09/20/2025,CountryC,Pediatric,189,8e+05
09/20/2025,CountryC,Adult,853,3200000
09/20/2025,CountryC,Overall,1042,4e+06
09/27/2025,CountryC,Pediatric,169,8e+05
09/27/2025,CountryC,Adult,699,3200000
09/27/2025,CountryC,Overall,868,4e+06
10/04/2025,CountryC,Pediatric,176,8e+05
10/04/2025,CountryC,Adult,435,3200000
10/04/2025,CountryC,Overall,611,4e+06
10/11/2025,CountryC,Pediatric,151,8e+05
10/11/2025,CountryC,Adult,335,3200000
10/11/2025,CountryC,Overall,486,4e+06
10/18/2025,CountryC,Pediatric,121,8e+05
10/18/2025,CountryC,Adult,221,3200000
10/18/2025,CountryC,Overall,342,4e+06
10/25/2025,CountryC,Pediatric,129,8e+05
10/25/2025,CountryC,Adult,227,3200000
10/25/2025,CountryC,Overall,356,4e+06
11/01/2025,CountryC,Pediatric,139,8e+05
11/01/2025,CountryC,Adult,261,3200000
11/01/2025,CountryC,Overall,400,4e+06
11/08/2025,CountryC,Pediatric,163,8e+05
11/08/2025,CountryC,Adult,176,3200000
11/08/2025,CountryC,Overall,339,4e+06
11/15/2025,CountryC,Pediatric,130,8e+05
11/15/2025,CountryC,Adult,196,3200000
11/15/2025,CountryC,Overall,326,4e+06
11/22/2025,CountryC,Pediatric,129,8e+05
11/22/2025,CountryC,Adult,179,3200000
11/22/2025,CountryC,Overall,308,4e+06
11/29/2025,CountryC,Pediatric,120,8e+05
11/29/2025,CountryC,Adult,167,3200000
11/29/2025,CountryC,Overall,287,4e+06
12/06/2025,CountryC,Pediatric,139,8e+05
12/06/2025,CountryC,Adult,125,3200000
12/06/2025,CountryC,Overall,264,4e+06
12/13/2025,CountryC,Pediatric,157,8e+05
12/13/2025,CountryC,Adult,154,3200000
12/13/2025,CountryC,Overall,311,4e+06
12/20/2025,CountryC,Pediatric,144,8e+05
12/20/2025,CountryC,Adult,140,3200000
12/20/2025,CountryC,Overall,284,4e+06
12/27/2025,CountryC,Pediatric,147,8e+05
12/27/2025,CountryC,Adult,158,3200000
12/27/2025,CountryC,Overall,305,4e+06
01/01/2022,CountryD,Pediatric,45,375000
01/01/2022,CountryD,Adult,51,1125000
01/01/2022,CountryD,Overall,96,1500000
01/08/2022,CountryD,Pediatric,39,375000
01/08/2022,CountryD,Adult,47,1125000
01/08/2022,CountryD,Overall,86,1500000
01/15/2022,CountryD,Pediatric,51,375000
01/15/2022,CountryD,Adult,49,1125000
01/15/2022,CountryD,Overall,100,1500000
01/22/2022,CountryD,Pediatric,35,375000
01/22/2022,CountryD,Adult,39,1125000
01/22/2022,CountryD,Overall,74,1500000
01/29/2022,CountryD,Pediatric,55,375000
01/29/2022,CountryD,Adult,53,1125000
01/29/2022,CountryD,Overall,108,1500000
02/05/2022,CountryD,Pediatric,43,375000
02/05/2022,CountryD,Adult,57,1125000
02/05/2022,CountryD,Overall,100,1500000
02/12/2022,CountryD,Pediatric,51,375000
02/12/2022,CountryD,Adult,63,1125000
02/12/2022,CountryD,Overall,114,1500000
02/19/2022,CountryD,Pediatric,38,375000
02/19/2022,CountryD,Adult,60,1125000
02/19/2022,CountryD,Overall,98,1500000
02/26/2022,CountryD,Pediatric,40,375000
02/26/2022,CountryD,Adult,50,1125000
02/26/2022,CountryD,Overall,90,1500000
03/05/2022,CountryD,Pediatric,43,375000
03/05/2022,CountryD,Adult,51,1125000
03/05/2022,CountryD,Overall,94,1500000
03/12/2022,CountryD,Pediatric,46,375000
03/12/2022,CountryD,Adult,60,1125000
03/12/2022,CountryD,Overall,106,1500000
03/19/2022,CountryD,Pediatric,33,375000
03/19/2022,CountryD,Adult,51,1125000
03/19/2022,CountryD,Overall,84,1500000
03/26/2022,CountryD,Pediatric,49,375000
03/26/2022,CountryD,Adult,51,1125000
03/26/2022,CountryD,Overall,100,1500000
04/02/2022,CountryD,Pediatric,53,375000
04/02/2022,CountryD,Adult,64,1125000
04/02/2022,CountryD,Overall,117,1500000
04/09/2022,CountryD,Pediatric,50,375000
04/09/2022,CountryD,Adult,69,1125000
04/09/2022,CountryD,Overall,119,1500000
04/16/2022,CountryD,Pediatric,51,375000
04/16/2022,CountryD,Adult,84,1125000
04/16/2022,CountryD,Overall,135,1500000
04/23/2022,CountryD,Pediatric,72,375000
04/23/2022,CountryD,Adult,103,1125000
04/23/2022,CountryD,Overall,175,1500000
04/30/2022,CountryD,Pediatric,80,375000
04/30/2022,CountryD,Adult,62,1125000
04/30/2022,CountryD,Overall,142,1500000
05/07/2022,CountryD,Pediatric,140,375000
05/07/2022,CountryD,Adult,95,1125000
05/07/2022,CountryD,Overall,235,1500000
05/14/2022,CountryD,Pediatric,135,375000
05/14/2022,CountryD,Adult,197,1125000
05/14/2022,CountryD,Overall,332,1500000
05/21/2022,CountryD,Pediatric,242,375000
05/21/2022,CountryD,Adult,207,1125000
05/21/2022,CountryD,Overall,449,1500000
05/28/2022,CountryD,Pediatric,278,375000
05/28/2022,CountryD,Adult,238,1125000
05/28/2022,CountryD,Overall,516,1500000
06/04/2022,CountryD,Pediatric,421,375000
06/04/2022,CountryD,Adult,297,1125000
06/04/2022,CountryD,Overall,718,1500000
06/11/2022,CountryD,Pediatric,539,375000
06/11/2022,CountryD,Adult,447,1125000
06/11/2022,CountryD,Overall,986,1500000
06/18/2022,CountryD,Pediatric,483,375000
06/18/2022,CountryD,Adult,395,1125000
06/18/2022,CountryD,Overall,878,1500000
06/25/2022,CountryD,Pediatric,421,375000
06/25/2022,CountryD,Adult,444,1125000
06/25/2022,CountryD,Overall,865,1500000
07/02/2022,CountryD,Pediatric,486,375000
07/02/2022,CountryD,Adult,406,1125000
07/02/2022,CountryD,Overall,892,1500000
07/09/2022,CountryD,Pediatric,463,375000
07/09/2022,CountryD,Adult,531,1125000
07/09/2022,CountryD,Overall,994,1500000
07/16/2022,CountryD,Pediatric,391,375000
07/16/2022,CountryD,Adult,513,1125000
07/16/2022,CountryD,Overall,904,1500000
07/23/2022,CountryD,Pediatric,337,375000
07/23/2022,CountryD,Adult,444,1125000
07/23/2022,CountryD,Overall,781,1500000
07/30/2022,CountryD,Pediatric,304,375000
07/30/2022,CountryD,Adult,471,1125000
07/30/2022,CountryD,Overall,775,1500000
08/06/2022,CountryD,Pediatric,248,375000
08/06/2022,CountryD,Adult,494,1125000
08/06/2022,CountryD,Overall,742,1500000
08/13/2022,CountryD,Pediatric,136,375000
08/13/2022,CountryD,Adult,467,1125000
08/13/2022,CountryD,Overall,603,1500000
08/20/2022,CountryD,Pediatric,121,375000
08/20/2022,CountryD,Adult,380,1125000
08/20/2022,CountryD,Overall,501,1500000
08/27/2022,CountryD,Pediatric,88,375000
08/27/2022,CountryD,Adult,338,1125000
08/27/2022,CountryD,Overall,426,1500000
09/03/2022,CountryD,Pediatric,75,375000
09/03/2022,CountryD,Adult,222,1125000
09/03/2022,CountryD,Overall,297,1500000
09/10/2022,CountryD,Pediatric,48,375000
09/10/2022,CountryD,Adult,223,1125000
09/10/2022,CountryD,Overall,271,1500000
09/17/2022,CountryD,Pediatric,61,375000
09/17/2022,CountryD,Adult,234,1125000
09/17/2022,CountryD,Overall,295,1500000
09/24/2022,CountryD,Pediatric,50,375000
09/24/2022,CountryD,Adult,192,1125000
09/24/2022,CountryD,Overall,242,1500000
10/01/2022,CountryD,Pediatric,35,375000
10/01/2022,CountryD,Adult,129,1125000
10/01/2022,CountryD,Overall,164,1500000
10/08/2022,CountryD,Pediatric,45,375000
10/08/2022,CountryD,Adult,112,1125000
10/08/2022,CountryD,Overall,157,1500000
10/15/2022,CountryD,Pediatric,43,375000
10/15/2022,CountryD,Adult,85,1125000
10/15/2022,CountryD,Overall,128,1500000
10/22/2022,CountryD,Pediatric,43,375000
10/22/2022,CountryD,Adult,81,1125000
10/22/2022,CountryD,Overall,124,1500000
10/29/2022,CountryD,Pediatric,46,375000
10/29/2022,CountryD,Adult,59,1125000
10/29/2022,CountryD,Overall,105,1500000
11/05/2022,CountryD,Pediatric,47,375000
11/05/2022,CountryD,Adult,70,1125000
11/05/2022,CountryD,Overall,117,1500000
11/12/2022,CountryD,Pediatric,43,375000
11/12/2022,CountryD,Adult,53,1125000
11/12/2022,CountryD,Overall,96,1500000
11/19/2022,CountryD,Pediatric,46,375000
11/19/2022,CountryD,Adult,50,1125000
11/19/2022,CountryD,Overall,96,1500000
11/26/2022,CountryD,Pediatric,42,375000
11/26/2022,CountryD,Adult,40,1125000
11/26/2022,CountryD,Overall,82,1500000
12/03/2022,CountryD,Pediatric,46,375000
12/03/2022,CountryD,Adult,47,1125000
12/03/2022,CountryD,Overall,93,1500000
12/10/2022,CountryD,Pediatric,42,375000
12/10/2022,CountryD,Adult,59,1125000
12/10/2022,CountryD,Overall,101,1500000
12/17/2022,CountryD,Pediatric,47,375000
12/17/2022,CountryD,Adult,59,1125000
12/17/2022,CountryD,Overall,106,1500000
12/24/2022,CountryD,Pediatric,38,375000
12/24/2022,CountryD,Adult,53,1125000
12/24/2022,CountryD,Overall,91,1500000
12/31/2022,CountryD,Pediatric,35,375000
12/31/2022,CountryD,Adult,46,1125000
12/31/2022,CountryD,Overall,81,1500000
01/07/2023,CountryD,Pediatric,50,375000
01/07/2023,CountryD,Adult,58,1125000
01/07/2023,CountryD,Overall,108,1500000
01/14/2023,CountryD,Pediatric,49,375000
01/14/2023,CountryD,Adult,61,1125000
01/14/2023,CountryD,Overall,110,1500000
01/21/2023,CountryD,Pediatric,48,375000
01/21/2023,CountryD,Adult,48,1125000
01/21/2023,CountryD,Overall,96,1500000
01/28/2023,CountryD,Pediatric,43,375000
01/28/2023,CountryD,Adult,50,1125000
01/28/2023,CountryD,Overall,93,1500000
02/04/2023,CountryD,Pediatric,39,375000
02/04/2023,CountryD,Adult,62,1125000
02/04/2023,CountryD,Overall,101,1500000
02/11/2023,CountryD,Pediatric,52,375000
02/11/2023,CountryD,Adult,48,1125000
02/11/2023,CountryD,Overall,100,1500000
02/18/2023,CountryD,Pediatric,46,375000
02/18/2023,CountryD,Adult,57,1125000
02/18/2023,CountryD,Overall,103,1500000
02/25/2023,CountryD,Pediatric,40,375000
02/25/2023,CountryD,Adult,60,1125000
02/25/2023,CountryD,Overall,100,1500000
03/04/2023,CountryD,Pediatric,46,375000
03/04/2023,CountryD,Adult,51,1125000
03/04/2023,CountryD,Overall,97,1500000
03/11/2023,CountryD,Pediatric,46,375000
03/11/2023,CountryD,Adult,55,1125000
03/11/2023,CountryD,Overall,101,1500000
03/18/2023,CountryD,Pediatric,43,375000
03/18/2023,CountryD,Adult,46,1125000
03/18/2023,CountryD,Overall,89,1500000
03/25/2023,CountryD,Pediatric,57,375000
03/25/2023,CountryD,Adult,59,1125000
03/25/2023,CountryD,Overall,116,1500000
04/01/2023,CountryD,Pediatric,47,375000
04/01/2023,CountryD,Adult,56,1125000
04/01/2023,CountryD,Overall,103,1500000
04/08/2023,CountryD,Pediatric,42,375000
04/08/2023,CountryD,Adult,66,1125000
04/08/2023,CountryD,Overall,108,1500000
04/15/2023,CountryD,Pediatric,42,375000
04/15/2023,CountryD,Adult,68,1125000
04/15/2023,CountryD,Overall,110,1500000
04/22/2023,CountryD,Pediatric,58,375000
04/22/2023,CountryD,Adult,70,1125000
04/22/2023,CountryD,Overall,128,1500000
04/29/2023,CountryD,Pediatric,59,375000
04/29/2023,CountryD,Adult,83,1125000
04/29/2023,CountryD,Overall,142,1500000
05/06/2023,CountryD,Pediatric,83,375000
05/06/2023,CountryD,Adult,105,1125000
05/06/2023,CountryD,Overall,188,1500000
05/13/2023,CountryD,Pediatric,106,375000
05/13/2023,CountryD,Adult,145,1125000
05/13/2023,CountryD,Overall,251,1500000
05/20/2023,CountryD,Pediatric,146,375000
05/20/2023,CountryD,Adult,158,1125000
05/20/2023,CountryD,Overall,304,1500000
05/27/2023,CountryD,Pediatric,177,375000
05/27/2023,CountryD,Adult,190,1125000
05/27/2023,CountryD,Overall,367,1500000
06/03/2023,CountryD,Pediatric,210,375000
06/03/2023,CountryD,Adult,250,1125000
06/03/2023,CountryD,Overall,460,1500000
06/10/2023,CountryD,Pediatric,251,375000
06/10/2023,CountryD,Adult,286,1125000
06/10/2023,CountryD,Overall,537,1500000
06/17/2023,CountryD,Pediatric,384,375000
06/17/2023,CountryD,Adult,326,1125000
06/17/2023,CountryD,Overall,710,1500000
06/24/2023,CountryD,Pediatric,323,375000
06/24/2023,CountryD,Adult,295,1125000
06/24/2023,CountryD,Overall,618,1500000
07/01/2023,CountryD,Pediatric,422,375000
07/01/2023,CountryD,Adult,452,1125000
07/01/2023,CountryD,Overall,874,1500000
07/08/2023,CountryD,Pediatric,391,375000
07/08/2023,CountryD,Adult,532,1125000
07/08/2023,CountryD,Overall,923,1500000
07/15/2023,CountryD,Pediatric,388,375000
07/15/2023,CountryD,Adult,576,1125000
07/15/2023,CountryD,Overall,964,1500000
07/22/2023,CountryD,Pediatric,275,375000
07/22/2023,CountryD,Adult,460,1125000
07/22/2023,CountryD,Overall,735,1500000
07/29/2023,CountryD,Pediatric,283,375000
07/29/2023,CountryD,Adult,385,1125000
07/29/2023,CountryD,Overall,668,1500000
08/05/2023,CountryD,Pediatric,135,375000
08/05/2023,CountryD,Adult,456,1125000
08/05/2023,CountryD,Overall,591,1500000
08/12/2023,CountryD,Pediatric,128,375000
08/12/2023,CountryD,Adult,453,1125000
08/12/2023,CountryD,Overall,581,1500000
08/19/2023,CountryD,Pediatric,111,375000
08/19/2023,CountryD,Adult,376,1125000
08/19/2023,CountryD,Overall,487,1500000
08/26/2023,CountryD,Pediatric,84,375000
08/26/2023,CountryD,Adult,355,1125000
08/26/2023,CountryD,Overall,439,1500000
09/02/2023,CountryD,Pediatric,63,375000
09/02/2023,CountryD,Adult,270,1125000
09/02/2023,CountryD,Overall,333,1500000
09/09/2023,CountryD,Pediatric,53,375000
09/09/2023,CountryD,Adult,238,1125000
09/09/2023,CountryD,Overall,291,1500000
09/16/2023,CountryD,Pediatric,42,375000
09/16/2023,CountryD,Adult,213,1125000
09/16/2023,CountryD,Overall,255,1500000
09/23/2023,CountryD,Pediatric,44,375000
09/23/2023,CountryD,Adult,178,1125000
09/23/2023,CountryD,Overall,222,1500000
09/30/2023,CountryD,Pediatric,42,375000
09/30/2023,CountryD,Adult,177,1125000
09/30/2023,CountryD,Overall,219,1500000
10/07/2023,CountryD,Pediatric,56,375000
10/07/2023,CountryD,Adult,139,1125000
10/07/2023,CountryD,Overall,195,1500000
10/14/2023,CountryD,Pediatric,36,375000
10/14/2023,CountryD,Adult,89,1125000
10/14/2023,CountryD,Overall,125,1500000
10/21/2023,CountryD,Pediatric,43,375000
10/21/2023,CountryD,Adult,85,1125000
10/21/2023,CountryD,Overall,128,1500000
10/28/2023,CountryD,Pediatric,49,375000
10/28/2023,CountryD,Adult,74,1125000
10/28/2023,CountryD,Overall,123,1500000
11/04/2023,CountryD,Pediatric,44,375000
11/04/2023,CountryD,Adult,54,1125000
11/04/2023,CountryD,Overall,98,1500000
11/11/2023,CountryD,Pediatric,45,375000
11/11/2023,CountryD,Adult,65,1125000
11/11/2023,CountryD,Overall,110,1500000
11/18/2023,CountryD,Pediatric,51,375000
11/18/2023,CountryD,Adult,57,1125000
11/18/2023,CountryD,Overall,108,1500000
11/25/2023,CountryD,Pediatric,42,375000
11/25/2023,CountryD,Adult,60,1125000
11/25/2023,CountryD,Overall,102,1500000
12/02/2023,CountryD,Pediatric,45,375000
12/02/2023,CountryD,Adult,53,1125000
12/02/2023,CountryD,Overall,98,1500000
12/09/2023,CountryD,Pediatric,44,375000
12/09/2023,CountryD,Adult,66,1125000
12/09/2023,CountryD,Overall,110,1500000
12/16/2023,CountryD,Pediatric,49,375000
12/16/2023,CountryD,Adult,55,1125000
12/16/2023,CountryD,Overall,104,1500000
12/23/2023,CountryD,Pediatric,59,375000
12/23/2023,CountryD,Adult,51,1125000
12/23/2023,CountryD,Overall,110,1500000
12/30/2023,CountryD,Pediatric,45,375000
12/30/2023,CountryD,Adult,58,1125000
12/30/2023,CountryD,Overall,103,1500000
01/06/2024,CountryD,Pediatric,33,375000
01/06/2024,CountryD,Adult,39,1125000
01/06/2024,CountryD,Overall,72,1500000
01/13/2024,CountryD,Pediatric,48,375000
01/13/2024,CountryD,Adult,46,1125000
01/13/2024,CountryD,Overall,94,1500000
01/20/2024,CountryD,Pediatric,48,375000
01/20/2024,CountryD,Adult,47,1125000
01/20/2024,CountryD,Overall,95,1500000
01/27/2024,CountryD,Pediatric,39,375000
01/27/2024,CountryD,Adult,52,1125000
01/27/2024,CountryD,Overall,91,1500000
02/03/2024,CountryD,Pediatric,54,375000
02/03/2024,CountryD,Adult,62,1125000
02/03/2024,CountryD,Overall,116,1500000
02/10/2024,CountryD,Pediatric,47,375000
02/10/2024,CountryD,Adult,55,1125000
02/10/2024,CountryD,Overall,102,1500000
02/17/2024,CountryD,Pediatric,48,375000
02/17/2024,CountryD,Adult,55,1125000
02/17/2024,CountryD,Overall,103,1500000
02/24/2024,CountryD,Pediatric,39,375000
02/24/2024,CountryD,Adult,62,1125000
02/24/2024,CountryD,Overall,101,1500000
03/02/2024,CountryD,Pediatric,51,375000
03/02/2024,CountryD,Adult,66,1125000
03/02/2024,CountryD,Overall,117,1500000
03/09/2024,CountryD,Pediatric,51,375000
03/09/2024,CountryD,Adult,51,1125000
03/09/2024,CountryD,Overall,102,1500000
03/16/2024,CountryD,Pediatric,35,375000
03/16/2024,CountryD,Adult,64,1125000
03/16/2024,CountryD,Overall,99,1500000
03/23/2024,CountryD,Pediatric,42,375000
03/23/2024,CountryD,Adult,55,1125000
03/23/2024,CountryD,Overall,97,1500000
03/30/2024,CountryD,Pediatric,42,375000
03/30/2024,CountryD,Adult,79,1125000
03/30/2024,CountryD,Overall,121,1500000
04/06/2024,CountryD,Pediatric,54,375000
04/06/2024,CountryD,Adult,57,1125000
04/06/2024,CountryD,Overall,111,1500000
04/13/2024,CountryD,Pediatric,43,375000
04/13/2024,CountryD,Adult,71,1125000
04/13/2024,CountryD,Overall,114,1500000
04/20/2024,CountryD,Pediatric,53,375000
04/20/2024,CountryD,Adult,97,1125000
04/20/2024,CountryD,Overall,150,1500000
04/27/2024,CountryD,Pediatric,64,375000
04/27/2024,CountryD,Adult,124,1125000
04/27/2024,CountryD,Overall,188,1500000
05/04/2024,CountryD,Pediatric,93,375000
05/04/2024,CountryD,Adult,101,1125000
05/04/2024,CountryD,Overall,194,1500000
05/11/2024,CountryD,Pediatric,139,375000
05/11/2024,CountryD,Adult,175,1125000
05/11/2024,CountryD,Overall,314,1500000
05/18/2024,CountryD,Pediatric,155,375000
05/18/2024,CountryD,Adult,205,1125000
05/18/2024,CountryD,Overall,360,1500000
05/25/2024,CountryD,Pediatric,223,375000
05/25/2024,CountryD,Adult,215,1125000
05/25/2024,CountryD,Overall,438,1500000
06/01/2024,CountryD,Pediatric,293,375000
06/01/2024,CountryD,Adult,325,1125000
06/01/2024,CountryD,Overall,618,1500000
06/08/2024,CountryD,Pediatric,310,375000
06/08/2024,CountryD,Adult,376,1125000
06/08/2024,CountryD,Overall,686,1500000
06/15/2024,CountryD,Pediatric,413,375000
06/15/2024,CountryD,Adult,415,1125000
06/15/2024,CountryD,Overall,828,1500000
06/22/2024,CountryD,Pediatric,524,375000
06/22/2024,CountryD,Adult,408,1125000
06/22/2024,CountryD,Overall,932,1500000
06/29/2024,CountryD,Pediatric,500,375000
06/29/2024,CountryD,Adult,512,1125000
06/29/2024,CountryD,Overall,1012,1500000
07/06/2024,CountryD,Pediatric,552,375000
07/06/2024,CountryD,Adult,521,1125000
07/06/2024,CountryD,Overall,1073,1500000
07/13/2024,CountryD,Pediatric,562,375000
07/13/2024,CountryD,Adult,519,1125000
07/13/2024,CountryD,Overall,1081,1500000
07/20/2024,CountryD,Pediatric,499,375000
07/20/2024,CountryD,Adult,475,1125000
07/20/2024,CountryD,Overall,974,1500000
07/27/2024,CountryD,Pediatric,389,375000
07/27/2024,CountryD,Adult,559,1125000
07/27/2024,CountryD,Overall,948,1500000
08/03/2024,CountryD,Pediatric,311,375000
08/03/2024,CountryD,Adult,408,1125000
08/03/2024,CountryD,Overall,719,1500000
08/10/2024,CountryD,Pediatric,222,375000
08/10/2024,CountryD,Adult,379,1125000
08/10/2024,CountryD,Overall,601,1500000
08/17/2024,CountryD,Pediatric,193,375000
08/17/2024,CountryD,Adult,376,1125000
08/17/2024,CountryD,Overall,569,1500000
08/24/2024,CountryD,Pediatric,105,375000
08/24/2024,CountryD,Adult,363,1125000
08/24/2024,CountryD,Overall,468,1500000
08/31/2024,CountryD,Pediatric,108,375000
08/31/2024,CountryD,Adult,236,1125000
08/31/2024,CountryD,Overall,344,1500000
09/07/2024,CountryD,Pediatric,71,375000
09/07/2024,CountryD,Adult,232,1125000
09/07/2024,CountryD,Overall,303,1500000
09/14/2024,CountryD,Pediatric,63,375000
09/14/2024,CountryD,Adult,168,1125000
09/14/2024,CountryD,Overall,231,1500000
09/21/2024,CountryD,Pediatric,53,375000
09/21/2024,CountryD,Adult,160,1125000
09/21/2024,CountryD,Overall,213,1500000
09/28/2024,CountryD,Pediatric,44,375000
09/28/2024,CountryD,Adult,149,1125000
09/28/2024,CountryD,Overall,193,1500000
10/05/2024,CountryD,Pediatric,41,375000
10/05/2024,CountryD,Adult,117,1125000
10/05/2024,CountryD,Overall,158,1500000
10/12/2024,CountryD,Pediatric,43,375000
10/12/2024,CountryD,Adult,81,1125000
10/12/2024,CountryD,Overall,124,1500000
10/19/2024,CountryD,Pediatric,37,375000
10/19/2024,CountryD,Adult,94,1125000
10/19/2024,CountryD,Overall,131,1500000
10/26/2024,CountryD,Pediatric,45,375000
10/26/2024,CountryD,Adult,59,1125000
10/26/2024,CountryD,Overall,104,1500000
11/02/2024,CountryD,Pediatric,50,375000
11/02/2024,CountryD,Adult,68,1125000
11/02/2024,CountryD,Overall,118,1500000
11/09/2024,CountryD,Pediatric,47,375000
11/09/2024,CountryD,Adult,66,1125000
11/09/2024,CountryD,Overall,113,1500000
11/16/2024,CountryD,Pediatric,40,375000
11/16/2024,CountryD,Adult,54,1125000
11/16/2024,CountryD,Overall,94,1500000
11/23/2024,CountryD,Pediatric,41,375000
11/23/2024,CountryD,Adult,54,1125000
11/23/2024,CountryD,Overall,95,1500000
11/30/2024,CountryD,Pediatric,52,375000
11/30/2024,CountryD,Adult,53,1125000
11/30/2024,CountryD,Overall,105,1500000
12/07/2024,CountryD,Pediatric,44,375000
12/07/2024,CountryD,Adult,55,1125000
12/07/2024,CountryD,Overall,99,1500000
12/14/2024,CountryD,Pediatric,37,375000
12/14/2024,CountryD,Adult,50,1125000
12/14/2024,CountryD,Overall,87,1500000
12/21/2024,CountryD,Pediatric,56,375000
12/21/2024,CountryD,Adult,62,1125000
12/21/2024,CountryD,Overall,118,1500000
12/28/2024,CountryD,Pediatric,48,375000
12/28/2024,CountryD,Adult,55,1125000
12/28/2024,CountryD,Overall,103,1500000
01/04/2025,CountryD,Pediatric,53,375000
01/04/2025,CountryD,Adult,57,1125000
01/04/2025,CountryD,Overall,110,1500000
01/11/2025,CountryD,Pediatric,47,375000
01/11/2025,CountryD,Adult,55,1125000
01/11/2025,CountryD,Overall,102,1500000
01/18/2025,CountryD,Pediatric,46,375000
01/18/2025,CountryD,Adult,58,1125000
01/18/2025,CountryD,Overall,104,1500000
01/25/2025,CountryD,Pediatric,43,375000
01/25/2025,CountryD,Adult,62,1125000
01/25/2025,CountryD,Overall,105,1500000
02/01/2025,CountryD,Pediatric,42,375000
02/01/2025,CountryD,Adult,61,1125000
02/01/2025,CountryD,Overall,103,1500000
02/08/2025,CountryD,Pediatric,44,375000
02/08/2025,CountryD,Adult,54,1125000
02/08/2025,CountryD,Overall,98,1500000
02/15/2025,CountryD,Pediatric,48,375000
02/15/2025,CountryD,Adult,63,1125000
02/15/2025,CountryD,Overall,111,1500000
02/22/2025,CountryD,Pediatric,40,375000
02/22/2025,CountryD,Adult,71,1125000
02/22/2025,CountryD,Overall,111,1500000
03/01/2025,CountryD,Pediatric,56,375000
03/01/2025,CountryD,Adult,58,1125000
03/01/2025,CountryD,Overall,114,1500000
03/08/2025,CountryD,Pediatric,51,375000
03/08/2025,CountryD,Adult,57,1125000
03/08/2025,CountryD,Overall,108,1500000
03/15/2025,CountryD,Pediatric,41,375000
03/15/2025,CountryD,Adult,56,1125000
03/15/2025,CountryD,Overall,97,1500000
03/22/2025,CountryD,Pediatric,53,375000
03/22/2025,CountryD,Adult,69,1125000
03/22/2025,CountryD,Overall,122,1500000
03/29/2025,CountryD,Pediatric,44,375000
03/29/2025,CountryD,Adult,80,1125000
03/29/2025,CountryD,Overall,124,1500000
04/05/2025,CountryD,Pediatric,47,375000
04/05/2025,CountryD,Adult,78,1125000
04/05/2025,CountryD,Overall,125,1500000
04/12/2025,CountryD,Pediatric,69,375000
04/12/2025,CountryD,Adult,118,1125000
04/12/2025,CountryD,Overall,187,1500000
04/19/2025,CountryD,Pediatric,59,375000
04/19/2025,CountryD,Adult,151,1125000
04/19/2025,CountryD,Overall,210,1500000
04/26/2025,CountryD,Pediatric,72,375000
04/26/2025,CountryD,Adult,162,1125000
04/26/2025,CountryD,Overall,234,1500000
05/03/2025,CountryD,Pediatric,98,375000
05/03/2025,CountryD,Adult,210,1125000
05/03/2025,CountryD,Overall,308,1500000
05/10/2025,CountryD,Pediatric,166,375000
05/10/2025,CountryD,Adult,234,1125000
05/10/2025,CountryD,Overall,400,1500000
05/17/2025,CountryD,Pediatric,184,375000
05/17/2025,CountryD,Adult,311,1125000
05/17/2025,CountryD,Overall,495,1500000
05/24/2025,CountryD,Pediatric,266,375000
05/24/2025,CountryD,Adult,457,1125000
05/24/2025,CountryD,Overall,723,1500000
05/31/2025,CountryD,Pediatric,383,375000
05/31/2025,CountryD,Adult,470,1125000
05/31/2025,CountryD,Overall,853,1500000
06/07/2025,CountryD,Pediatric,439,375000
06/07/2025,CountryD,Adult,431,1125000
06/07/2025,CountryD,Overall,870,1500000
06/14/2025,CountryD,Pediatric,637,375000
06/14/2025,CountryD,Adult,580,1125000
06/14/2025,CountryD,Overall,1217,1500000
06/21/2025,CountryD,Pediatric,525,375000
06/21/2025,CountryD,Adult,504,1125000
06/21/2025,CountryD,Overall,1029,1500000
06/28/2025,CountryD,Pediatric,572,375000
06/28/2025,CountryD,Adult,574,1125000
06/28/2025,CountryD,Overall,1146,1500000
07/05/2025,CountryD,Pediatric,478,375000
07/05/2025,CountryD,Adult,693,1125000
07/05/2025,CountryD,Overall,1171,1500000
07/12/2025,CountryD,Pediatric,530,375000
07/12/2025,CountryD,Adult,583,1125000
07/12/2025,CountryD,Overall,1113,1500000
07/19/2025,CountryD,Pediatric,518,375000
07/19/2025,CountryD,Adult,594,1125000
07/19/2025,CountryD,Overall,1112,1500000
07/26/2025,CountryD,Pediatric,379,375000
07/26/2025,CountryD,Adult,658,1125000
07/26/2025,CountryD,Overall,1037,1500000
08/02/2025,CountryD,Pediatric,352,375000
08/02/2025,CountryD,Adult,552,1125000
08/02/2025,CountryD,Overall,904,1500000
08/09/2025,CountryD,Pediatric,236,375000
08/09/2025,CountryD,Adult,329,1125000
08/09/2025,CountryD,Overall,565,1500000
08/16/2025,CountryD,Pediatric,219,375000
08/16/2025,CountryD,Adult,322,1125000
08/16/2025,CountryD,Overall,541,1500000
08/23/2025,CountryD,Pediatric,139,375000
08/23/2025,CountryD,Adult,283,1125000
08/23/2025,CountryD,Overall,422,1500000
08/30/2025,CountryD,Pediatric,91,375000
08/30/2025,CountryD,Adult,265,1125000
08/30/2025,CountryD,Overall,356,1500000
09/06/2025,CountryD,Pediatric,76,375000
09/06/2025,CountryD,Adult,200,1125000
09/06/2025,CountryD,Overall,276,1500000
09/13/2025,CountryD,Pediatric,57,375000
09/13/2025,CountryD,Adult,127,1125000
09/13/2025,CountryD,Overall,184,1500000
09/20/2025,CountryD,Pediatric,46,375000
09/20/2025,CountryD,Adult,130,1125000
09/20/2025,CountryD,Overall,176,1500000
09/27/2025,CountryD,Pediatric,48,375000
09/27/2025,CountryD,Adult,116,1125000
09/27/2025,CountryD,Overall,164,1500000
10/04/2025,CountryD,Pediatric,37,375000
10/04/2025,CountryD,Adult,99,1125000
10/04/2025,CountryD,Overall,136,1500000
10/11/2025,CountryD,Pediatric,34,375000
10/11/2025,CountryD,Adult,69,1125000
10/11/2025,CountryD,Overall,103,1500000
10/18/2025,CountryD,Pediatric,48,375000
10/18/2025,CountryD,Adult,71,1125000
10/18/2025,CountryD,Overall,119,1500000
10/25/2025,CountryD,Pediatric,50,375000
10/25/2025,CountryD,Adult,64,1125000
10/25/2025,CountryD,Overall,114,1500000
11/01/2025,CountryD,Pediatric,45,375000
11/01/2025,CountryD,Adult,58,1125000
11/01/2025,CountryD,Overall,103,1500000
11/08/2025,CountryD,Pediatric,47,375000
11/08/2025,CountryD,Adult,61,1125000
11/08/2025,CountryD,Overall,108,1500000
11/15/2025,CountryD,Pediatric,56,375000
11/15/2025,CountryD,Adult,55,1125000
11/15/2025,CountryD,Overall,111,1500000
11/22/2025,CountryD,Pediatric,47,375000
11/22/2025,CountryD,Adult,48,1125000
11/22/2025,CountryD,Overall,95,1500000
11/29/2025,CountryD,Pediatric,52,375000
11/29/2025,CountryD,Adult,56,1125000
11/29/2025,CountryD,Overall,108,1500000
12/06/2025,CountryD,Pediatric,39,375000
12/06/2025,CountryD,Adult,60,1125000
12/06/2025,CountryD,Overall,99,1500000
12/13/2025,CountryD,Pediatric,54,375000
12/13/2025,CountryD,Adult,59,1125000
12/13/2025,CountryD,Overall,113,1500000
12/20/2025,CountryD,Pediatric,44,375000
12/20/2025,CountryD,Adult,58,1125000
12/20/2025,CountryD,Overall,102,1500000
12/27/2025,CountryD,Pediatric,47,375000
12/27/2025,CountryD,Adult,54,1125000
12/27/2025,CountryD,Overall,101,1500000
